species,move_id,move,template_byte,new_byte
1,20,bind,0,1
1,173,snore,129,1
1,214,sleep-talk,129,1
1,282,knock-off,129,1
2,20,bind,0,1
2,173,snore,129,1
2,214,sleep-talk,129,1
2,282,knock-off,129,1
3,20,bind,0,1
3,173,snore,129,1
3,200,outrage,129,1
3,214,sleep-talk,129,1
3,282,knock-off,129,1
3,335,block,129,1
3,431,rock-climb,0,129
4,7,fire-punch,129,1
4,9,thunder-punch,129,1
4,173,snore,129,1
4,200,outrage,2,3
4,214,sleep-talk,129,1
4,231,iron-tail,129,1
4,257,heat-wave,129,1
5,7,fire-punch,129,1
5,9,thunder-punch,129,1
5,173,snore,129,1
5,200,outrage,2,3
5,214,sleep-talk,129,1
5,231,iron-tail,129,1
5,257,heat-wave,129,1
6,7,fire-punch,129,1
6,9,thunder-punch,129,1
6,173,snore,129,1
6,214,sleep-talk,129,1
6,231,iron-tail,129,1
6,355,roost,129,1
6,366,tailwind,129,1
7,8,ice-punch,129,1
7,173,snore,129,1
7,196,icy-wind,129,1
7,214,sleep-talk,129,1
7,231,iron-tail,129,1
7,428,zen-headbutt,129,1
8,8,ice-punch,129,1
8,173,snore,129,1
8,196,icy-wind,129,1
8,214,sleep-talk,129,1
8,231,iron-tail,129,1
8,428,zen-headbutt,129,1
9,8,ice-punch,129,1
9,173,snore,129,1
9,196,icy-wind,129,1
9,200,outrage,129,1
9,214,sleep-talk,129,1
9,231,iron-tail,129,1
9,324,signal-beam,129,1
9,428,zen-headbutt,129,1
9,431,rock-climb,0,129
10,173,snore,129,1
10,527,electroweb,0,1
11,173,snore,129,1
11,334,iron-defense,129,1
11,527,electroweb,0,1
12,173,snore,129,1
12,202,giga-drain,129,1
12,214,sleep-talk,129,1
12,285,skill-swap,129,1
12,324,signal-beam,129,1
12,334,iron-defense,129,1
12,355,roost,129,1
12,527,electroweb,0,1
13,527,electroweb,0,1
14,334,iron-defense,129,1
14,527,electroweb,0,1
15,173,snore,129,1
15,202,giga-drain,129,1
15,214,sleep-talk,129,1
15,282,knock-off,129,1
15,334,iron-defense,129,1
15,355,roost,129,1
15,366,tailwind,129,1
15,527,electroweb,0,1
15,529,drill-run,0,1
16,173,snore,129,1
16,214,sleep-talk,129,1
16,257,heat-wave,129,1
17,173,snore,129,1
17,214,sleep-talk,129,1
17,257,heat-wave,129,1
18,143,sky-attack,129,1
18,173,snore,129,1
18,214,sleep-talk,129,1
18,257,heat-wave,129,1
19,173,snore,129,1
19,196,icy-wind,129,1
19,214,sleep-talk,129,1
19,231,iron-tail,129,1
19,253,uproar,2,3
19,343,covet,0,1
19,428,zen-headbutt,129,1
20,173,snore,129,1
20,196,icy-wind,129,1
20,214,sleep-talk,129,1
20,231,iron-tail,129,1
20,253,uproar,2,3
20,343,covet,0,1
20,428,zen-headbutt,129,1
21,173,snore,129,1
21,214,sleep-talk,129,1
21,253,uproar,2,3
21,257,heat-wave,129,1
21,366,tailwind,129,1
21,529,drill-run,0,1
22,173,snore,129,1
22,214,sleep-talk,129,1
22,253,uproar,2,3
22,257,heat-wave,129,1
22,366,tailwind,129,1
23,20,bind,0,1
23,173,snore,129,1
23,202,giga-drain,129,1
23,214,sleep-talk,129,1
23,399,dark-pulse,129,1
23,401,aqua-tail,129,1
23,402,seed-bomb,129,1
24,20,bind,0,1
24,173,snore,129,1
24,202,giga-drain,129,1
24,214,sleep-talk,129,1
24,399,dark-pulse,129,1
24,401,aqua-tail,129,1
24,402,seed-bomb,129,1
25,253,uproar,129,1
25,282,knock-off,129,1
25,324,signal-beam,129,1
25,343,covet,0,1
25,393,magnet-rise,129,1
26,253,uproar,129,1
26,282,knock-off,129,1
26,324,signal-beam,129,1
26,343,covet,0,1
26,393,magnet-rise,129,1
27,162,super-fang,129,1
27,173,snore,129,1
27,214,sleep-talk,129,1
27,222,magnitude,0,1
27,231,iron-tail,129,1
27,282,knock-off,129,1
27,343,covet,0,1
27,414,earth-power,129,1
27,431,rock-climb,2,3
27,446,stealth-rock,129,1
28,162,super-fang,129,1
28,173,snore,129,1
28,214,sleep-talk,129,1
28,222,magnitude,0,1
28,231,iron-tail,129,1
28,282,knock-off,129,1
28,343,covet,0,1
28,414,earth-power,129,1
28,431,rock-climb,2,3
28,446,stealth-rock,129,1
29,162,super-fang,129,1
29,173,snore,129,1
29,214,sleep-talk,129,1
30,162,super-fang,129,1
30,173,snore,129,1
30,214,sleep-talk,129,1
31,7,fire-punch,129,1
31,8,ice-punch,129,1
31,9,thunder-punch,129,1
31,162,super-fang,129,1
31,173,snore,129,1
31,196,icy-wind,129,1
31,200,outrage,129,1
31,214,sleep-talk,129,1
31,253,uproar,129,1
31,401,aqua-tail,129,1
31,406,dragon-pulse,129,1
31,431,rock-climb,0,129
31,446,stealth-rock,129,1
32,162,super-fang,129,1
32,173,snore,129,1
32,214,sleep-talk,129,1
32,529,drill-run,0,1
33,162,super-fang,129,1
33,173,snore,129,1
33,214,sleep-talk,129,1
33,529,drill-run,0,1
34,7,fire-punch,129,1
34,8,ice-punch,129,1
34,9,thunder-punch,129,1
34,162,super-fang,129,1
34,173,snore,129,1
34,196,icy-wind,129,1
34,200,outrage,129,1
34,214,sleep-talk,129,1
34,253,uproar,129,1
34,276,superpower,129,1
34,401,aqua-tail,129,1
34,406,dragon-pulse,129,1
34,431,rock-climb,0,129
34,446,stealth-rock,129,1
34,529,drill-run,0,1
35,7,fire-punch,129,1
35,8,ice-punch,129,1
35,9,thunder-punch,129,1
35,34,body-slam,129,1
35,173,snore,129,1
35,196,icy-wind,129,1
35,214,sleep-talk,129,1
35,215,heal-bell,129,1
35,231,iron-tail,129,1
35,253,uproar,129,1
35,270,helping-hand,129,1
35,271,trick,129,1
35,272,role-play,129,1
35,277,magic-coat,129,1
35,278,recycle,129,1
35,282,knock-off,129,1
35,283,endeavor,129,1
35,289,snatch,129,1
35,304,hyper-voice,0,1
35,324,signal-beam,129,1
35,340,bounce,129,1
35,343,covet,2,3
35,387,last-resort,129,1
35,409,drain-punch,129,1
35,428,zen-headbutt,129,1
35,446,stealth-rock,129,1
35,472,wonder-room,0,1
36,7,fire-punch,129,1
36,8,ice-punch,129,1
36,9,thunder-punch,129,1
36,34,body-slam,129,1
36,173,snore,129,1
36,196,icy-wind,129,1
36,214,sleep-talk,129,1
36,215,heal-bell,129,1
36,231,iron-tail,129,1
36,253,uproar,129,1
36,270,helping-hand,129,1
36,271,trick,129,1
36,272,role-play,129,1
36,277,magic-coat,129,1
36,278,recycle,129,1
36,282,knock-off,129,1
36,283,endeavor,129,1
36,289,snatch,129,1
36,304,hyper-voice,0,1
36,324,signal-beam,129,1
36,340,bounce,129,1
36,343,covet,2,3
36,387,last-resort,129,1
36,409,drain-punch,129,1
36,428,zen-headbutt,129,1
36,446,stealth-rock,129,1
36,472,wonder-room,0,1
37,173,snore,129,1
37,185,feint-attack,2,3
37,214,sleep-talk,129,1
37,220,pain-split,129,1
37,231,iron-tail,129,1
37,272,role-play,129,1
37,343,covet,0,1
37,399,dark-pulse,129,1
37,428,zen-headbutt,129,1
37,492,foul-play,0,1
37,506,hex,2,3
38,173,snore,129,1
38,185,feint-attack,2,3
38,214,sleep-talk,129,1
38,220,pain-split,129,1
38,231,iron-tail,129,1
38,272,role-play,129,1
38,343,covet,0,1
38,399,dark-pulse,129,1
38,428,zen-headbutt,129,1
38,492,foul-play,0,1
38,506,hex,2,3
39,7,fire-punch,129,1
39,8,ice-punch,129,1
39,9,thunder-punch,129,1
39,173,snore,129,1
39,196,icy-wind,129,1
39,215,heal-bell,129,1
39,220,pain-split,129,1
39,253,uproar,129,1
39,270,helping-hand,129,1
39,272,role-play,129,1
39,277,magic-coat,129,1
39,278,recycle,129,1
39,282,knock-off,129,1
39,283,endeavor,129,1
39,289,snatch,129,1
39,340,bounce,129,1
39,343,covet,2,3
39,409,drain-punch,129,1
39,446,stealth-rock,129,1
40,7,fire-punch,129,1
40,8,ice-punch,129,1
40,9,thunder-punch,129,1
40,173,snore,129,1
40,196,icy-wind,129,1
40,215,heal-bell,129,1
40,220,pain-split,129,1
40,253,uproar,129,1
40,270,helping-hand,129,1
40,272,role-play,129,1
40,277,magic-coat,129,1
40,278,recycle,129,1
40,282,knock-off,129,1
40,283,endeavor,129,1
40,289,snatch,129,1
40,340,bounce,129,1
40,343,covet,2,3
40,409,drain-punch,129,1
40,446,stealth-rock,129,1
40,478,magic-room,0,1
41,129,swift,129,1
41,162,super-fang,129,1
41,173,snore,129,1
41,214,sleep-talk,129,1
41,253,uproar,129,1
41,257,heat-wave,129,1
41,289,snatch,129,1
41,355,roost,129,1
41,366,tailwind,129,1
42,129,swift,129,1
42,162,super-fang,129,1
42,173,snore,129,1
42,214,sleep-talk,129,1
42,253,uproar,129,1
42,257,heat-wave,129,1
42,289,snatch,129,1
42,355,roost,129,1
42,366,tailwind,129,1
43,173,snore,129,1
43,214,sleep-talk,129,1
43,380,gastro-acid,129,1
43,388,worry-seed,129,1
43,402,seed-bomb,129,1
43,495,after-you,2,3
44,173,snore,129,1
44,214,sleep-talk,129,1
44,380,gastro-acid,129,1
44,388,worry-seed,129,1
44,402,seed-bomb,129,1
44,409,drain-punch,129,1
44,495,after-you,2,3
45,173,snore,129,1
45,214,sleep-talk,129,1
45,380,gastro-acid,129,1
45,388,worry-seed,129,1
45,402,seed-bomb,129,1
45,409,drain-punch,129,1
45,495,after-you,2,3
46,173,snore,129,1
46,214,sleep-talk,129,1
46,235,synthesis,129,1
46,282,knock-off,129,1
46,388,worry-seed,129,1
46,402,seed-bomb,129,1
46,495,after-you,0,1
47,173,snore,129,1
47,214,sleep-talk,129,1
47,235,synthesis,129,1
47,282,knock-off,129,1
47,388,worry-seed,129,1
47,402,seed-bomb,129,1
47,495,after-you,0,1
48,173,snore,129,1
48,214,sleep-talk,129,1
49,173,snore,129,1
49,214,sleep-talk,129,1
49,355,roost,129,1
49,366,tailwind,129,1
50,173,snore,129,1
50,214,sleep-talk,129,1
50,253,uproar,2,3
50,446,stealth-rock,129,1
51,173,snore,129,1
51,214,sleep-talk,129,1
51,253,uproar,2,3
51,446,stealth-rock,129,1
52,173,snore,129,1
52,196,icy-wind,129,1
52,214,sleep-talk,129,1
52,253,uproar,129,1
52,282,knock-off,129,1
52,304,hyper-voice,0,1
52,343,covet,0,1
52,399,dark-pulse,129,1
52,402,seed-bomb,129,1
52,441,gunk-shot,129,1
52,492,foul-play,2,3
53,129,swift,129,1
53,173,snore,129,1
53,196,icy-wind,129,1
53,214,sleep-talk,129,1
53,253,uproar,129,1
53,282,knock-off,129,1
53,304,hyper-voice,0,1
53,343,covet,0,1
53,399,dark-pulse,129,1
53,402,seed-bomb,129,1
53,441,gunk-shot,129,1
53,492,foul-play,2,3
54,173,snore,129,1
54,196,icy-wind,129,1
54,231,iron-tail,129,1
54,272,role-play,129,1
54,324,signal-beam,129,1
54,388,worry-seed,129,1
54,401,aqua-tail,129,1
55,67,low-kick,129,1
55,173,snore,129,1
55,196,icy-wind,129,1
55,231,iron-tail,129,1
55,272,role-play,129,1
55,324,signal-beam,129,1
55,388,worry-seed,129,1
55,401,aqua-tail,129,1
55,431,rock-climb,0,129
56,7,fire-punch,129,1
56,8,ice-punch,129,1
56,9,thunder-punch,129,1
56,180,spite,129,1
56,200,outrage,129,1
56,231,iron-tail,129,1
56,253,uproar,129,1
56,270,helping-hand,129,1
56,272,role-play,129,1
56,283,endeavor,129,1
56,402,seed-bomb,129,1
56,431,rock-climb,0,129
56,441,gunk-shot,129,1
56,530,dual-chop,0,1
57,7,fire-punch,129,1
57,8,ice-punch,129,1
57,9,thunder-punch,129,1
57,180,spite,129,1
57,200,outrage,129,1
57,231,iron-tail,129,1
57,253,uproar,129,1
57,272,role-play,129,1
57,283,endeavor,129,1
57,402,seed-bomb,129,1
57,431,rock-climb,0,129
57,441,gunk-shot,129,1
57,530,dual-chop,0,1
58,173,snore,129,1
58,200,outrage,0,1
58,214,sleep-talk,129,1
58,343,covet,2,3
58,555,snarl,0,1
59,173,snore,129,1
59,200,outrage,0,1
59,214,sleep-talk,129,1
59,343,covet,2,3
59,406,dragon-pulse,129,1
59,431,rock-climb,0,129
59,442,iron-head,129,1
59,555,snarl,0,1
60,173,snore,129,1
60,196,icy-wind,129,1
60,214,sleep-talk,129,1
60,270,helping-hand,129,1
60,283,endeavor,2,3
61,8,ice-punch,129,1
61,173,snore,129,1
61,196,icy-wind,129,1
61,214,sleep-talk,129,1
61,270,helping-hand,129,1
61,283,endeavor,2,3
62,8,ice-punch,129,1
62,173,snore,129,1
62,196,icy-wind,129,1
62,214,sleep-talk,129,1
62,283,endeavor,2,3
62,431,rock-climb,0,129
63,173,snore,129,1
63,214,sleep-talk,129,1
63,231,iron-tail,129,1
63,271,trick,129,1
63,272,role-play,129,1
63,277,magic-coat,129,1
63,278,recycle,129,1
63,289,snatch,129,1
63,324,signal-beam,129,1
63,356,gravity,129,1
63,409,drain-punch,129,1
63,428,zen-headbutt,129,1
63,472,wonder-room,0,1
63,478,magic-room,0,1
63,492,foul-play,0,1
64,173,snore,129,1
64,214,sleep-talk,129,1
64,231,iron-tail,129,1
64,277,magic-coat,129,1
64,278,recycle,129,1
64,289,snatch,129,1
64,324,signal-beam,129,1
64,356,gravity,129,1
64,409,drain-punch,129,1
64,428,zen-headbutt,129,1
64,472,wonder-room,0,1
64,478,magic-room,0,1
64,492,foul-play,0,1
65,173,snore,129,1
65,214,sleep-talk,129,1
65,231,iron-tail,129,1
65,277,magic-coat,129,1
65,278,recycle,129,1
65,289,snatch,129,1
65,324,signal-beam,129,1
65,356,gravity,129,1
65,409,drain-punch,129,1
65,428,zen-headbutt,129,1
65,472,wonder-room,0,1
65,478,magic-room,0,1
65,492,foul-play,0,1
66,173,snore,129,1
66,214,sleep-talk,129,1
66,270,helping-hand,129,1
66,272,role-play,129,1
66,276,superpower,129,1
66,282,knock-off,2,3
66,431,rock-climb,0,129
66,530,dual-chop,0,1
67,173,snore,129,1
67,214,sleep-talk,129,1
67,270,helping-hand,129,1
67,272,role-play,129,1
67,276,superpower,129,1
67,282,knock-off,2,3
67,431,rock-climb,0,129
67,530,dual-chop,0,1
68,173,snore,129,1
68,214,sleep-talk,129,1
68,270,helping-hand,129,1
68,272,role-play,129,1
68,276,superpower,129,1
68,282,knock-off,2,3
68,431,rock-climb,0,129
68,530,dual-chop,0,1
69,20,bind,0,1
69,173,snore,129,1
69,214,sleep-talk,129,1
69,402,seed-bomb,129,1
70,20,bind,0,1
70,173,snore,129,1
70,214,sleep-talk,129,1
70,402,seed-bomb,129,1
70,450,bug-bite,0,1
71,20,bind,0,1
71,173,snore,129,1
71,214,sleep-talk,129,1
71,402,seed-bomb,129,1
71,450,bug-bite,0,1
72,20,bind,0,1
72,173,snore,129,1
72,196,icy-wind,129,1
72,202,giga-drain,129,1
72,214,sleep-talk,129,1
72,277,magic-coat,129,1
73,20,bind,0,1
73,173,snore,129,1
73,196,icy-wind,129,1
73,202,giga-drain,129,1
73,214,sleep-talk,129,1
73,277,magic-coat,129,1
74,7,fire-punch,129,1
74,9,thunder-punch,129,1
74,173,snore,129,1
74,214,sleep-talk,129,1
74,276,superpower,129,1
74,334,iron-defense,0,1
74,414,earth-power,129,1
74,431,rock-climb,2,3
75,7,fire-punch,129,1
75,9,thunder-punch,129,1
75,173,snore,129,1
75,214,sleep-talk,129,1
75,276,superpower,129,1
75,334,iron-defense,0,1
75,414,earth-power,129,1
75,431,rock-climb,2,3
76,7,fire-punch,129,1
76,9,thunder-punch,129,1
76,173,snore,129,1
76,214,sleep-talk,129,1
76,276,superpower,129,1
76,334,iron-defense,0,1
76,414,earth-power,129,1
76,431,rock-climb,2,3
76,442,iron-head,129,1
77,67,low-kick,2,3
77,173,snore,129,1
77,214,sleep-talk,129,1
77,231,iron-tail,129,1
77,257,heat-wave,129,1
78,67,low-kick,2,3
78,173,snore,129,1
78,214,sleep-talk,129,1
78,231,iron-tail,129,1
78,257,heat-wave,129,1
78,529,drill-run,0,1
79,196,icy-wind,129,1
79,231,iron-tail,129,1
79,271,trick,129,1
79,277,magic-coat,129,1
79,278,recycle,129,1
79,285,skill-swap,129,1
79,324,signal-beam,129,1
79,401,aqua-tail,129,1
79,472,wonder-room,2,3
79,495,after-you,0,1
80,8,ice-punch,129,1
80,196,icy-wind,129,1
80,231,iron-tail,129,1
80,271,trick,129,1
80,277,magic-coat,129,1
80,278,recycle,129,1
80,285,skill-swap,129,1
80,324,signal-beam,129,1
80,334,iron-defense,129,1
80,401,aqua-tail,129,1
80,409,drain-punch,129,1
80,472,wonder-room,2,3
80,492,foul-play,0,1
80,495,after-you,0,1
81,173,snore,129,1
81,214,sleep-talk,129,1
81,277,magic-coat,129,1
81,278,recycle,129,1
81,324,signal-beam,129,1
81,334,iron-defense,129,1
81,356,gravity,129,1
81,527,electroweb,0,1
82,173,snore,129,1
82,214,sleep-talk,129,1
82,277,magic-coat,129,1
82,278,recycle,129,1
82,324,signal-beam,129,1
82,334,iron-defense,129,1
82,356,gravity,129,1
82,527,electroweb,0,1
83,143,sky-attack,0,1
83,173,snore,129,1
83,214,sleep-talk,129,1
83,231,iron-tail,129,1
83,253,uproar,129,1
83,257,heat-wave,129,1
83,270,helping-hand,0,1
83,343,covet,2,3
83,366,tailwind,0,1
83,387,last-resort,129,1
84,173,snore,129,1
84,214,sleep-talk,129,1
84,282,knock-off,129,1
84,355,roost,129,1
85,143,sky-attack,129,1
85,173,snore,129,1
85,214,sleep-talk,129,1
85,282,knock-off,129,1
85,355,roost,129,1
86,173,snore,129,1
86,231,iron-tail,2,3
86,529,drill-run,0,1
87,173,snore,129,1
87,231,iron-tail,2,3
87,529,drill-run,0,1
88,7,fire-punch,129,1
88,8,ice-punch,129,1
88,9,thunder-punch,129,1
88,173,snore,129,1
88,202,giga-drain,129,1
88,214,sleep-talk,129,1
88,220,pain-split,129,1
89,7,fire-punch,129,1
89,8,ice-punch,129,1
89,9,thunder-punch,129,1
89,173,snore,129,1
89,202,giga-drain,129,1
89,214,sleep-talk,129,1
89,220,pain-split,129,1
89,335,block,129,1
89,399,dark-pulse,129,1
90,173,snore,129,1
90,196,icy-wind,129,1
90,214,sleep-talk,129,1
91,173,snore,129,1
91,196,icy-wind,129,1
91,214,sleep-talk,129,1
91,324,signal-beam,129,1
92,173,snore,129,1
92,196,icy-wind,129,1
92,202,giga-drain,129,1
92,214,sleep-talk,129,1
92,220,pain-split,129,1
92,253,uproar,129,1
92,271,trick,129,1
92,282,knock-off,129,1
92,285,skill-swap,129,1
92,289,snatch,129,1
92,472,wonder-room,0,1
92,492,foul-play,0,1
93,173,snore,129,1
93,196,icy-wind,129,1
93,202,giga-drain,129,1
93,214,sleep-talk,129,1
93,220,pain-split,129,1
93,253,uproar,129,1
93,271,trick,129,1
93,282,knock-off,129,1
93,285,skill-swap,129,1
93,289,snatch,129,1
93,472,wonder-room,0,1
93,492,foul-play,0,1
94,173,snore,129,1
94,196,icy-wind,129,1
94,202,giga-drain,129,1
94,214,sleep-talk,129,1
94,220,pain-split,129,1
94,253,uproar,129,1
94,271,trick,129,1
94,272,role-play,129,1
94,282,knock-off,129,1
94,285,skill-swap,129,1
94,289,snatch,129,1
94,409,drain-punch,129,1
94,472,wonder-room,0,1
94,492,foul-play,0,1
95,173,snore,129,1
95,214,sleep-talk,129,1
95,406,dragon-pulse,129,1
95,414,earth-power,129,1
95,431,rock-climb,2,3
95,442,iron-head,129,1
96,67,low-kick,129,1
96,214,sleep-talk,129,1
96,271,trick,129,1
96,277,magic-coat,129,1
96,278,recycle,129,1
96,289,snatch,129,1
96,324,signal-beam,129,1
96,409,drain-punch,129,1
96,478,magic-room,0,1
96,492,foul-play,0,1
97,67,low-kick,129,1
97,214,sleep-talk,129,1
97,271,trick,129,1
97,277,magic-coat,129,1
97,278,recycle,129,1
97,289,snatch,129,1
97,324,signal-beam,129,1
97,409,drain-punch,129,1
97,478,magic-room,0,1
97,492,foul-play,0,1
98,173,snore,129,1
98,196,icy-wind,129,1
98,214,sleep-talk,129,1
98,276,superpower,129,1
98,334,iron-defense,129,1
99,173,snore,129,1
99,196,icy-wind,129,1
99,214,sleep-talk,129,1
99,276,superpower,129,1
99,334,iron-defense,129,1
100,173,snore,129,1
100,214,sleep-talk,129,1
100,277,magic-coat,129,1
100,324,signal-beam,129,1
100,492,foul-play,0,1
101,173,snore,129,1
101,214,sleep-talk,129,1
101,277,magic-coat,129,1
101,324,signal-beam,129,1
101,492,foul-play,0,1
102,173,snore,129,1
102,214,sleep-talk,129,1
102,326,extrasensory,0,1
102,335,block,2,3
102,356,gravity,129,1
102,402,seed-bomb,129,1
103,67,low-kick,129,1
103,173,snore,129,1
103,214,sleep-talk,129,1
103,326,extrasensory,0,1
103,335,block,2,3
103,356,gravity,129,1
103,428,zen-headbutt,129,1
104,7,fire-punch,129,1
104,9,thunder-punch,129,1
104,67,low-kick,129,1
104,173,snore,129,1
104,196,icy-wind,129,1
104,214,sleep-talk,129,1
104,231,iron-tail,129,1
104,253,uproar,129,1
104,282,knock-off,129,1
104,334,iron-defense,129,1
104,414,earth-power,129,1
104,431,rock-climb,0,129
104,442,iron-head,2,3
104,446,stealth-rock,129,1
105,7,fire-punch,129,1
105,9,thunder-punch,129,1
105,67,low-kick,129,1
105,173,snore,129,1
105,196,icy-wind,129,1
105,200,outrage,129,1
105,214,sleep-talk,129,1
105,231,iron-tail,129,1
105,253,uproar,129,1
105,282,knock-off,129,1
105,334,iron-defense,129,1
105,414,earth-power,129,1
105,431,rock-climb,0,129
105,442,iron-head,2,3
105,446,stealth-rock,129,1
106,67,low-kick,129,1
106,173,snore,129,1
106,214,sleep-talk,129,1
106,253,uproar,129,1
106,272,role-play,129,1
106,276,superpower,129,1
106,282,knock-off,129,1
106,340,bounce,129,1
106,343,covet,0,1
106,431,rock-climb,0,129
107,67,low-kick,129,1
107,173,snore,129,1
107,214,sleep-talk,129,1
107,253,uproar,129,1
107,272,role-play,129,1
107,343,covet,0,1
107,409,drain-punch,129,1
107,431,rock-climb,0,129
108,7,fire-punch,129,1
108,8,ice-punch,129,1
108,9,thunder-punch,129,1
108,20,bind,0,1
108,196,icy-wind,129,1
108,231,iron-tail,129,1
108,401,aqua-tail,129,1
108,431,rock-climb,0,129
109,173,snore,129,1
109,214,sleep-talk,129,1
109,253,uproar,129,1
109,399,dark-pulse,129,1
110,173,snore,129,1
110,214,sleep-talk,129,1
110,253,uproar,129,1
110,399,dark-pulse,129,1
111,173,snore,129,1
111,180,spite,129,1
111,196,icy-wind,129,1
111,214,sleep-talk,129,1
111,253,uproar,129,1
111,276,superpower,129,1
111,283,endeavor,129,1
111,401,aqua-tail,129,1
111,406,dragon-pulse,129,1
111,414,earth-power,129,1
111,431,rock-climb,2,3
111,446,stealth-rock,129,1
112,7,fire-punch,129,1
112,8,ice-punch,129,1
112,9,thunder-punch,129,1
112,173,snore,129,1
112,180,spite,129,1
112,196,icy-wind,129,1
112,200,outrage,129,1
112,214,sleep-talk,129,1
112,253,uproar,129,1
112,276,superpower,129,1
112,283,endeavor,129,1
112,335,block,129,1
112,401,aqua-tail,129,1
112,406,dragon-pulse,129,1
112,414,earth-power,129,1
112,431,rock-climb,2,3
112,446,stealth-rock,129,1
113,7,fire-punch,129,1
113,8,ice-punch,129,1
113,9,thunder-punch,129,1
113,173,snore,129,1
113,196,icy-wind,129,1
113,214,sleep-talk,129,1
113,231,iron-tail,129,1
113,253,uproar,129,1
113,278,recycle,129,1
113,283,endeavor,129,1
113,289,snatch,129,1
113,304,hyper-voice,0,1
113,343,covet,0,1
113,409,drain-punch,129,1
113,428,zen-headbutt,129,1
113,431,rock-climb,0,129
113,446,stealth-rock,129,1
114,173,snore,129,1
114,214,sleep-talk,129,1
114,220,pain-split,129,1
114,235,synthesis,129,1
114,283,endeavor,2,3
114,388,worry-seed,129,1
114,402,seed-bomb,129,1
115,7,fire-punch,129,1
115,8,ice-punch,129,1
115,9,thunder-punch,129,1
115,67,low-kick,129,1
115,173,snore,129,1
115,180,spite,129,1
115,196,icy-wind,129,1
115,214,sleep-talk,129,1
115,231,iron-tail,129,1
115,270,helping-hand,129,1
115,343,covet,0,1
115,401,aqua-tail,129,1
115,409,drain-punch,129,1
115,431,rock-climb,0,129
116,173,snore,129,1
116,196,icy-wind,129,1
116,214,sleep-talk,129,1
116,340,bounce,129,1
117,173,snore,129,1
117,196,icy-wind,129,1
117,214,sleep-talk,129,1
117,340,bounce,129,1
118,173,snore,129,1
118,196,icy-wind,129,1
118,282,knock-off,129,1
118,324,signal-beam,2,3
118,340,bounce,129,1
118,529,drill-run,0,1
119,173,snore,129,1
119,196,icy-wind,129,1
119,282,knock-off,129,1
119,324,signal-beam,2,3
119,340,bounce,129,1
119,529,drill-run,0,1
120,173,snore,129,1
120,196,icy-wind,129,1
120,214,sleep-talk,129,1
120,220,pain-split,129,1
120,277,magic-coat,129,1
120,278,recycle,129,1
120,324,signal-beam,129,1
120,356,gravity,129,1
120,362,brine,129,1
121,173,snore,129,1
121,196,icy-wind,129,1
121,214,sleep-talk,129,1
121,220,pain-split,129,1
121,271,trick,129,1
121,277,magic-coat,129,1
121,278,recycle,129,1
121,285,skill-swap,129,1
121,324,signal-beam,129,1
121,356,gravity,129,1
121,362,brine,129,1
121,472,wonder-room,0,1
122,7,fire-punch,129,1
122,8,ice-punch,129,1
122,149,psywave,0,1
122,173,snore,129,1
122,196,icy-wind,2,3
122,214,sleep-talk,129,1
122,253,uproar,129,1
122,270,helping-hand,129,1
122,277,magic-coat,129,1
122,285,skill-swap,129,1
122,289,snatch,129,1
122,324,signal-beam,129,1
122,334,iron-defense,129,1
122,343,covet,0,1
122,409,drain-punch,129,1
122,428,zen-headbutt,129,1
122,472,wonder-room,0,1
122,478,magic-room,2,3
122,492,foul-play,0,1
123,173,snore,129,1
123,214,sleep-talk,129,1
123,282,knock-off,129,1
123,355,roost,129,1
123,366,tailwind,129,1
123,450,bug-bite,129,1
124,173,snore,129,1
124,196,icy-wind,129,1
124,214,sleep-talk,129,1
124,215,heal-bell,129,1
124,253,uproar,129,1
124,270,helping-hand,129,1
124,271,trick,129,1
124,272,role-play,129,1
124,277,magic-coat,129,1
124,278,recycle,129,1
124,285,skill-swap,129,1
124,304,hyper-voice,0,1
124,324,signal-beam,129,1
124,343,covet,0,1
124,409,drain-punch,129,1
124,428,zen-headbutt,129,1
124,478,magic-room,0,1
125,173,snore,129,1
125,214,sleep-talk,129,1
125,231,iron-tail,129,1
125,253,uproar,129,1
125,270,helping-hand,129,1
125,324,signal-beam,129,1
125,343,covet,0,1
125,393,magnet-rise,129,1
125,431,rock-climb,0,129
125,527,electroweb,0,1
125,530,dual-chop,0,1
126,67,low-kick,129,1
126,173,snore,129,1
126,214,sleep-talk,129,1
126,253,uproar,129,1
126,257,heat-wave,129,1
126,270,helping-hand,129,1
126,343,covet,0,1
126,431,rock-climb,0,129
126,499,clear-smog,0,1
126,530,dual-chop,0,1
127,173,snore,129,1
127,214,sleep-talk,129,1
127,282,knock-off,129,1
127,334,iron-defense,129,1
127,431,rock-climb,0,129
127,446,stealth-rock,129,1
127,450,bug-bite,2,3
127,480,storm-throw,0,1
128,173,snore,129,1
128,180,spite,129,1
128,196,icy-wind,129,1
128,200,outrage,129,1
128,214,sleep-talk,129,1
128,231,iron-tail,129,1
128,253,uproar,129,1
128,270,helping-hand,129,1
128,272,role-play,129,1
128,283,endeavor,129,1
128,431,rock-climb,0,129
128,442,iron-head,129,1
129,340,bounce,129,1
130,173,snore,129,1
130,180,spite,129,1
130,196,icy-wind,129,1
130,200,outrage,129,1
130,214,sleep-talk,129,1
130,231,iron-tail,0,1
130,253,uproar,129,1
130,340,bounce,129,1
130,399,dark-pulse,129,1
130,406,dragon-pulse,129,1
130,442,iron-head,129,1
131,173,snore,129,1
131,196,icy-wind,129,1
131,200,outrage,129,1
131,231,iron-tail,129,1
131,304,hyper-voice,0,1
131,324,signal-beam,129,1
131,335,block,129,1
131,401,aqua-tail,129,1
131,428,zen-headbutt,129,1
131,442,iron-head,129,1
131,529,drill-run,0,1
133,38,double-edge,129,1
133,173,snore,129,1
133,204,charm,2,3
133,214,sleep-talk,129,1
133,215,heal-bell,129,1
133,304,hyper-voice,0,1
133,343,covet,6,7
134,38,double-edge,129,1
134,173,snore,129,1
134,196,icy-wind,129,1
134,204,charm,2,3
134,214,sleep-talk,129,1
134,215,heal-bell,129,1
134,304,hyper-voice,0,1
134,324,signal-beam,129,1
134,343,covet,6,7
134,352,water-pulse,129,1
134,401,aqua-tail,129,1
135,38,double-edge,129,1
135,173,snore,129,1
135,204,charm,2,3
135,214,sleep-talk,129,1
135,215,heal-bell,129,1
135,304,hyper-voice,0,1
135,324,signal-beam,129,1
135,343,covet,6,7
135,393,magnet-rise,129,1
136,38,double-edge,129,1
136,173,snore,129,1
136,204,charm,2,3
136,214,sleep-talk,129,1
136,215,heal-bell,129,1
136,257,heat-wave,129,1
136,276,superpower,129,1
136,304,hyper-voice,0,1
136,343,covet,6,7
137,173,snore,129,1
137,196,icy-wind,129,1
137,214,sleep-talk,129,1
137,220,pain-split,129,1
137,231,iron-tail,129,1
137,271,trick,129,1
137,356,gravity,129,1
137,387,last-resort,129,1
137,428,zen-headbutt,129,1
137,472,wonder-room,0,1
137,492,foul-play,0,1
137,527,electroweb,0,1
138,20,bind,0,1
138,173,snore,129,1
138,196,icy-wind,129,1
138,214,sleep-talk,129,1
138,334,iron-defense,129,1
138,414,earth-power,129,1
138,446,stealth-rock,129,1
139,20,bind,0,1
139,173,snore,129,1
139,196,icy-wind,129,1
139,214,sleep-talk,129,1
139,334,iron-defense,129,1
139,414,earth-power,129,1
139,431,rock-climb,0,129
139,446,stealth-rock,129,1
140,173,snore,129,1
140,214,sleep-talk,129,1
140,334,iron-defense,129,1
140,414,earth-power,129,1
140,446,stealth-rock,129,1
141,67,low-kick,129,1
141,173,snore,129,1
141,214,sleep-talk,129,1
141,276,superpower,129,1
141,334,iron-defense,129,1
141,401,aqua-tail,129,1
141,414,earth-power,129,1
141,431,rock-climb,0,129
141,446,stealth-rock,129,1
142,143,sky-attack,129,1
142,173,snore,129,1
142,214,sleep-talk,129,1
142,231,iron-tail,129,1
142,257,heat-wave,129,1
142,401,aqua-tail,129,1
142,406,dragon-pulse,129,1
142,414,earth-power,129,1
142,446,stealth-rock,129,1
143,7,fire-punch,129,1
143,8,ice-punch,129,1
143,9,thunder-punch,129,1
143,196,icy-wind,129,1
143,200,outrage,129,1
143,253,uproar,129,1
143,276,superpower,129,1
143,304,hyper-voice,0,1
143,343,covet,129,1
143,402,seed-bomb,129,1
143,431,rock-climb,0,129
143,441,gunk-shot,129,1
143,442,iron-head,129,1
143,495,after-you,2,3
144,143,sky-attack,129,1
144,173,snore,129,1
144,196,icy-wind,129,1
144,214,sleep-talk,129,1
144,324,signal-beam,129,1
144,542,hurricane,0,1
145,143,sky-attack,129,1
145,173,snore,129,1
145,192,zap-cannon,0,1
145,214,sleep-talk,129,1
145,257,heat-wave,129,1
145,324,signal-beam,129,1
145,366,tailwind,129,1
146,173,snore,129,1
146,214,sleep-talk,129,1
146,366,tailwind,129,1
146,542,hurricane,0,1
147,20,bind,0,1
147,173,snore,129,1
147,196,icy-wind,129,1
147,214,sleep-talk,129,1
148,20,bind,0,1
148,173,snore,129,1
148,196,icy-wind,129,1
148,214,sleep-talk,129,1
149,8,ice-punch,129,1
149,20,bind,0,1
149,173,snore,129,1
149,196,icy-wind,129,1
149,214,sleep-talk,129,1
149,257,heat-wave,129,1
149,276,superpower,129,1
149,366,tailwind,129,1
149,442,iron-head,129,1
150,7,fire-punch,129,1
150,8,ice-punch,129,1
150,9,thunder-punch,129,1
150,67,low-kick,129,1
150,173,snore,129,1
150,196,icy-wind,129,1
150,214,sleep-talk,129,1
150,231,iron-tail,129,1
150,271,trick,129,1
150,272,role-play,129,1
150,277,magic-coat,129,1
150,278,recycle,129,1
150,285,skill-swap,129,1
150,289,snatch,129,1
150,324,signal-beam,129,1
150,356,gravity,129,1
150,401,aqua-tail,129,1
150,409,drain-punch,129,1
150,428,zen-headbutt,129,1
150,431,rock-climb,0,129
150,472,wonder-room,0,1
150,478,magic-room,0,1
150,492,foul-play,0,1
151,7,fire-punch,129,1
151,8,ice-punch,129,1
151,9,thunder-punch,129,1
151,20,bind,0,1
151,67,low-kick,129,1
151,143,sky-attack,129,1
151,162,super-fang,129,1
151,173,snore,129,1
151,180,spite,129,1
151,196,icy-wind,129,1
151,200,outrage,129,1
151,202,giga-drain,129,1
151,214,sleep-talk,129,1
151,215,heal-bell,129,1
151,220,pain-split,129,1
151,231,iron-tail,129,1
151,253,uproar,129,1
151,257,heat-wave,129,1
151,270,helping-hand,129,1
151,271,trick,129,1
151,272,role-play,129,1
151,276,superpower,129,1
151,277,magic-coat,129,1
151,278,recycle,129,1
151,282,knock-off,129,1
151,283,endeavor,129,1
151,285,skill-swap,129,1
151,289,snatch,129,1
151,304,hyper-voice,0,1
151,324,signal-beam,129,1
151,334,iron-defense,129,1
151,335,block,129,1
151,340,bounce,129,1
151,343,covet,0,1
151,355,roost,129,1
151,356,gravity,129,1
151,366,tailwind,129,1
151,380,gastro-acid,129,1
151,387,last-resort,129,1
151,388,worry-seed,129,1
151,393,magnet-rise,129,1
151,399,dark-pulse,129,1
151,401,aqua-tail,129,1
151,402,seed-bomb,129,1
151,406,dragon-pulse,129,1
151,409,drain-punch,129,1
151,414,earth-power,129,1
151,428,zen-headbutt,129,1
151,431,rock-climb,0,129
151,441,gunk-shot,129,1
151,442,iron-head,129,1
151,446,stealth-rock,129,1
151,450,bug-bite,129,1
151,472,wonder-room,0,1
151,478,magic-room,0,1
151,492,foul-play,0,1
151,495,after-you,0,1
151,527,electroweb,0,1
151,529,drill-run,0,1
151,530,dual-chop,0,1
151,555,snarl,0,1
152,173,snore,129,1
152,202,giga-drain,129,1
152,214,sleep-talk,129,1
152,231,iron-tail,129,1
152,277,magic-coat,129,1
152,388,worry-seed,129,1
152,402,seed-bomb,129,1
153,173,snore,129,1
153,202,giga-drain,129,1
153,214,sleep-talk,129,1
153,231,iron-tail,129,1
153,277,magic-coat,129,1
153,388,worry-seed,129,1
153,402,seed-bomb,129,1
154,173,snore,129,1
154,200,outrage,129,1
154,202,giga-drain,129,1
154,214,sleep-talk,129,1
154,231,iron-tail,129,1
154,277,magic-coat,129,1
154,388,worry-seed,129,1
154,402,seed-bomb,129,1
154,431,rock-climb,0,129
155,173,snore,129,1
155,214,sleep-talk,129,1
155,257,heat-wave,129,1
155,343,covet,2,3
156,173,snore,129,1
156,214,sleep-talk,129,1
156,257,heat-wave,129,1
156,343,covet,2,3
157,7,fire-punch,129,1
157,9,thunder-punch,129,1
157,67,low-kick,129,1
157,173,snore,129,1
157,214,sleep-talk,129,1
157,257,heat-wave,129,1
157,343,covet,2,3
157,431,rock-climb,0,129
158,67,low-kick,129,1
158,173,snore,129,1
158,180,spite,129,1
158,196,icy-wind,129,1
158,214,sleep-talk,129,1
158,231,iron-tail,129,1
158,253,uproar,129,1
158,335,block,2,3
159,67,low-kick,129,1
159,173,snore,129,1
159,180,spite,129,1
159,196,icy-wind,129,1
159,214,sleep-talk,129,1
159,231,iron-tail,129,1
159,253,uproar,129,1
159,335,block,2,3
160,67,low-kick,129,1
160,173,snore,129,1
160,180,spite,129,1
160,196,icy-wind,129,1
160,200,outrage,129,1
160,214,sleep-talk,129,1
160,231,iron-tail,129,1
160,253,uproar,129,1
160,335,block,2,3
160,406,dragon-pulse,129,1
160,431,rock-climb,0,129
161,7,fire-punch,129,1
161,8,ice-punch,129,1
161,9,thunder-punch,129,1
161,162,super-fang,129,1
161,173,snore,129,1
161,214,sleep-talk,129,1
161,253,uproar,129,1
161,271,trick,2,3
161,282,knock-off,129,1
161,343,covet,2,3
161,401,aqua-tail,129,1
162,7,fire-punch,129,1
162,8,ice-punch,129,1
162,9,thunder-punch,129,1
162,162,super-fang,129,1
162,173,snore,129,1
162,214,sleep-talk,129,1
162,253,uproar,129,1
162,271,trick,2,3
162,282,knock-off,129,1
162,343,covet,2,3
162,401,aqua-tail,129,1
163,148,flash,0,129
163,214,sleep-talk,129,1
163,257,heat-wave,129,1
163,277,magic-coat,129,1
163,278,recycle,129,1
163,304,hyper-voice,0,1
163,366,tailwind,129,1
164,148,flash,0,129
164,214,sleep-talk,129,1
164,257,heat-wave,129,1
164,277,magic-coat,129,1
164,278,recycle,129,1
164,304,hyper-voice,0,1
164,366,tailwind,129,1
165,8,ice-punch,129,1
165,9,thunder-punch,129,1
165,173,snore,129,1
165,202,giga-drain,129,1
165,214,sleep-talk,129,1
165,253,uproar,129,1
165,355,roost,129,1
165,366,tailwind,129,1
166,8,ice-punch,129,1
166,9,thunder-punch,129,1
166,173,snore,129,1
166,202,giga-drain,129,1
166,214,sleep-talk,129,1
166,253,uproar,129,1
166,355,roost,129,1
166,366,tailwind,129,1
167,202,giga-drain,129,1
167,214,sleep-talk,129,1
167,340,bounce,129,1
167,404,x-scissor,0,1
167,450,bug-bite,129,1
167,492,foul-play,0,1
167,527,electroweb,2,3
168,202,giga-drain,129,1
168,214,sleep-talk,129,1
168,340,bounce,129,1
168,404,x-scissor,0,1
168,492,foul-play,0,1
168,527,electroweb,2,3
169,129,swift,129,1
169,143,sky-attack,129,1
169,162,super-fang,129,1
169,173,snore,129,1
169,214,sleep-talk,129,1
169,253,uproar,129,1
169,257,heat-wave,129,1
169,289,snatch,129,1
169,355,roost,129,1
169,366,tailwind,129,1
169,399,dark-pulse,129,1
170,173,snore,129,1
170,196,icy-wind,129,1
170,214,sleep-talk,129,1
170,215,heal-bell,129,1
170,340,bounce,129,1
171,173,snore,129,1
171,196,icy-wind,129,1
171,214,sleep-talk,129,1
171,215,heal-bell,129,1
171,340,bounce,129,1
171,401,aqua-tail,129,1
172,173,snore,129,1
172,214,sleep-talk,129,1
172,231,iron-tail,129,1
172,253,uproar,129,1
172,270,helping-hand,129,1
172,324,signal-beam,129,1
172,343,covet,0,1
172,393,magnet-rise,129,1
173,173,snore,129,1
173,196,icy-wind,129,1
173,214,sleep-talk,129,1
173,231,iron-tail,129,1
173,253,uproar,129,1
173,270,helping-hand,129,1
173,271,trick,129,1
173,272,role-play,129,1
173,277,magic-coat,129,1
173,278,recycle,129,1
173,283,endeavor,129,1
173,304,hyper-voice,0,1
173,324,signal-beam,129,1
173,343,covet,2,3
173,356,gravity,129,1
173,387,last-resort,129,1
173,428,zen-headbutt,129,1
173,472,wonder-room,0,1
173,495,after-you,0,1
174,173,snore,129,1
174,196,icy-wind,129,1
174,215,heal-bell,129,1
174,220,pain-split,129,1
174,253,uproar,129,1
174,270,helping-hand,129,1
174,272,role-play,129,1
174,277,magic-coat,129,1
174,278,recycle,129,1
174,283,endeavor,129,1
174,304,hyper-voice,0,1
174,340,bounce,129,1
174,343,covet,2,3
175,173,snore,129,1
175,214,sleep-talk,129,1
175,215,heal-bell,129,1
175,253,uproar,129,1
175,271,trick,129,1
175,277,magic-coat,129,1
175,283,endeavor,129,1
175,304,hyper-voice,0,1
175,324,signal-beam,129,1
175,343,covet,0,1
175,428,zen-headbutt,129,1
176,173,snore,129,1
176,214,sleep-talk,129,1
176,215,heal-bell,129,1
176,253,uproar,129,1
176,257,heat-wave,129,1
176,271,trick,129,1
176,277,magic-coat,129,1
176,283,endeavor,129,1
176,304,hyper-voice,0,1
176,324,signal-beam,129,1
176,343,covet,0,1
176,355,roost,129,1
176,366,tailwind,129,1
176,409,drain-punch,129,1
176,428,zen-headbutt,129,1
177,173,snore,129,1
177,202,giga-drain,129,1
177,214,sleep-talk,129,1
177,220,pain-split,129,1
177,257,heat-wave,129,1
177,271,trick,129,1
177,277,magic-coat,129,1
177,324,signal-beam,129,1
177,366,tailwind,129,1
177,478,magic-room,0,1
178,143,sky-attack,129,1
178,173,snore,129,1
178,202,giga-drain,129,1
178,214,sleep-talk,129,1
178,220,pain-split,129,1
178,257,heat-wave,129,1
178,271,trick,129,1
178,277,magic-coat,129,1
178,324,signal-beam,129,1
178,478,magic-room,0,1
178,492,foul-play,0,1
179,36,take-down,2,3
179,109,confuse-ray,0,1
179,115,reflect,130,2
179,173,snore,129,1
179,214,sleep-talk,129,1
179,393,magnet-rise,129,1
179,495,after-you,2,3
180,7,fire-punch,129,1
180,9,thunder-punch,129,1
180,36,take-down,2,3
180,109,confuse-ray,0,1
180,115,reflect,130,2
180,173,snore,129,1
180,214,sleep-talk,129,1
180,393,magnet-rise,129,1
180,495,after-you,2,3
181,36,take-down,2,3
181,109,confuse-ray,0,1
181,115,reflect,130,2
181,173,snore,129,1
181,200,outrage,129,1
181,214,sleep-talk,129,1
181,393,magnet-rise,129,1
181,431,rock-climb,0,129
181,495,after-you,2,3
182,173,snore,129,1
182,214,sleep-talk,129,1
182,253,uproar,129,1
182,380,gastro-acid,129,1
182,388,worry-seed,129,1
182,402,seed-bomb,129,1
182,409,drain-punch,129,1
182,495,after-you,2,3
183,8,ice-punch,129,1
183,173,snore,129,1
183,196,icy-wind,129,1
183,214,sleep-talk,129,1
183,231,iron-tail,129,1
183,253,uproar,129,1
183,270,helping-hand,129,1
183,282,knock-off,129,1
183,304,hyper-voice,0,1
183,340,bounce,0,1
183,343,covet,0,1
183,346,water-sport,2,3
184,8,ice-punch,129,1
184,173,snore,129,1
184,196,icy-wind,129,1
184,214,sleep-talk,129,1
184,231,iron-tail,129,1
184,253,uproar,129,1
184,270,helping-hand,129,1
184,282,knock-off,129,1
184,304,hyper-voice,0,1
184,340,bounce,0,1
184,343,covet,0,1
184,346,water-sport,2,3
185,7,fire-punch,129,1
185,8,ice-punch,129,1
185,9,thunder-punch,129,1
185,68,counter,129,1
185,173,snore,129,1
185,214,sleep-talk,129,1
185,253,uproar,129,1
185,270,helping-hand,129,1
185,272,role-play,129,1
185,343,covet,0,1
185,414,earth-power,129,1
185,492,foul-play,0,1
185,495,after-you,0,1
186,8,ice-punch,129,1
186,173,snore,129,1
186,196,icy-wind,129,1
186,214,sleep-talk,129,1
186,270,helping-hand,129,1
186,283,endeavor,2,3
187,173,snore,129,1
187,214,sleep-talk,129,1
188,173,snore,129,1
188,214,sleep-talk,129,1
189,173,snore,129,1
189,214,sleep-talk,129,1
190,7,fire-punch,129,1
190,8,ice-punch,129,1
190,9,thunder-punch,129,1
190,67,low-kick,129,1
190,173,snore,129,1
190,214,sleep-talk,129,1
190,231,iron-tail,129,1
190,253,uproar,129,1
190,272,role-play,129,1
190,282,knock-off,129,1
190,289,snatch,129,1
190,343,covet,2,3
190,402,seed-bomb,129,1
190,441,gunk-shot,129,1
190,492,foul-play,0,1
191,38,double-edge,129,1
191,173,snore,129,1
191,214,sleep-talk,129,1
191,253,uproar,129,1
191,414,earth-power,129,1
191,495,after-you,0,1
192,38,double-edge,129,1
192,173,snore,129,1
192,214,sleep-talk,129,1
192,253,uproar,129,1
192,414,earth-power,129,1
192,495,after-you,0,1
193,173,snore,129,1
193,202,giga-drain,129,1
193,214,sleep-talk,129,1
193,355,roost,129,1
193,366,tailwind,129,1
193,450,bug-bite,129,1
194,8,ice-punch,129,1
194,173,snore,129,1
194,196,icy-wind,129,1
194,231,iron-tail,129,1
194,401,aqua-tail,129,1
194,414,earth-power,129,1
194,495,after-you,2,3
195,8,ice-punch,129,1
195,173,snore,129,1
195,196,icy-wind,129,1
195,231,iron-tail,129,1
195,401,aqua-tail,129,1
195,414,earth-power,129,1
195,495,after-you,2,3
196,38,double-edge,129,1
196,173,snore,129,1
196,204,charm,2,3
196,214,sleep-talk,129,1
196,215,heal-bell,129,1
196,271,trick,129,1
196,277,magic-coat,129,1
196,285,skill-swap,129,1
196,304,hyper-voice,0,1
196,324,signal-beam,129,1
196,343,covet,6,7
196,428,zen-headbutt,129,1
196,478,magic-room,0,1
197,38,double-edge,129,1
197,173,snore,129,1
197,180,spite,129,1
197,204,charm,2,3
197,214,sleep-talk,129,1
197,215,heal-bell,129,1
197,289,snatch,129,1
197,304,hyper-voice,0,1
197,343,covet,6,7
197,399,dark-pulse,129,1
197,472,wonder-room,0,1
197,492,foul-play,0,1
197,555,snarl,0,1
198,180,spite,129,1
198,196,icy-wind,129,1
198,214,sleep-talk,129,1
198,253,uproar,129,1
198,257,heat-wave,129,1
198,289,snatch,129,1
198,399,dark-pulse,129,1
198,555,snarl,0,1
199,8,ice-punch,129,1
199,196,icy-wind,129,1
199,231,iron-tail,129,1
199,271,trick,129,1
199,277,magic-coat,129,1
199,278,recycle,129,1
199,285,skill-swap,129,1
199,324,signal-beam,129,1
199,334,iron-defense,129,1
199,401,aqua-tail,129,1
199,409,drain-punch,129,1
199,472,wonder-room,2,3
199,492,foul-play,0,1
199,495,after-you,0,1
200,173,snore,129,1
200,196,icy-wind,129,1
200,214,sleep-talk,129,1
200,215,heal-bell,129,1
200,253,uproar,129,1
200,271,trick,129,1
200,277,magic-coat,129,1
200,289,snatch,129,1
200,304,hyper-voice,0,1
200,399,dark-pulse,129,1
200,472,wonder-room,2,3
200,478,magic-room,0,1
200,492,foul-play,0,1
203,173,snore,129,1
203,214,sleep-talk,129,1
203,231,iron-tail,129,1
203,253,uproar,129,1
203,271,trick,129,1
203,278,recycle,129,1
203,304,hyper-voice,0,1
203,324,signal-beam,129,1
203,356,gravity,129,1
203,492,foul-play,0,1
204,173,snore,129,1
204,202,giga-drain,129,1
204,214,sleep-talk,129,1
204,220,pain-split,129,1
204,356,gravity,129,1
204,529,drill-run,0,1
205,173,snore,129,1
205,202,giga-drain,129,1
205,214,sleep-talk,129,1
205,220,pain-split,129,1
205,324,signal-beam,129,1
205,335,block,129,1
205,356,gravity,129,1
205,529,drill-run,0,1
206,20,bind,0,1
206,38,double-edge,129,1
206,203,endure,129,1
206,220,pain-split,129,1
206,231,iron-tail,129,1
206,387,last-resort,129,1
206,401,aqua-tail,129,1
206,428,zen-headbutt,129,1
206,446,stealth-rock,129,1
206,529,drill-run,0,1
207,173,snore,129,1
207,214,sleep-talk,129,1
207,231,iron-tail,129,1
207,327,sky-uppercut,0,1
207,355,roost,129,1
207,366,tailwind,129,1
207,399,dark-pulse,129,1
207,401,aqua-tail,129,1
207,414,earth-power,129,1
207,446,stealth-rock,129,1
207,450,bug-bite,0,1
208,173,snore,129,1
208,214,sleep-talk,129,1
208,393,magnet-rise,129,1
208,399,dark-pulse,129,1
208,401,aqua-tail,129,1
208,406,dragon-pulse,129,1
208,414,earth-power,129,1
208,431,rock-climb,2,3
208,442,iron-head,129,1
209,7,fire-punch,129,1
209,8,ice-punch,129,1
209,9,thunder-punch,129,1
209,67,low-kick,129,1
209,162,super-fang,129,1
209,214,sleep-talk,129,1
209,276,superpower,129,1
209,304,hyper-voice,0,1
209,343,covet,0,1
209,387,last-resort,129,1
209,555,snarl,0,1
210,7,fire-punch,129,1
210,8,ice-punch,129,1
210,9,thunder-punch,129,1
210,67,low-kick,129,1
210,162,super-fang,129,1
210,214,sleep-talk,129,1
210,231,iron-tail,129,1
210,276,superpower,129,1
210,304,hyper-voice,0,1
210,343,covet,0,1
210,387,last-resort,129,1
210,431,rock-climb,0,129
210,555,snarl,0,1
211,173,snore,129,1
211,196,icy-wind,129,1
211,214,sleep-talk,129,1
211,220,pain-split,129,1
211,340,bounce,129,1
212,173,snore,129,1
212,214,sleep-talk,129,1
212,276,superpower,129,1
212,282,knock-off,129,1
212,355,roost,129,1
212,366,tailwind,129,1
212,450,bug-bite,129,1
213,20,bind,0,1
213,88,rock-throw,0,1
213,173,snore,129,1
213,214,sleep-talk,129,1
213,282,knock-off,2,3
213,414,earth-power,129,1
213,446,stealth-rock,129,1
213,495,after-you,0,1
213,504,shell-smash,0,1
214,67,low-kick,129,1
214,173,snore,129,1
214,214,sleep-talk,129,1
214,270,helping-hand,129,1
214,282,knock-off,129,1
214,334,iron-defense,129,1
214,339,bulk-up,129,1
214,450,bug-bite,129,1
214,498,chip-away,0,1
215,67,low-kick,129,1
215,173,snore,129,1
215,214,sleep-talk,129,1
215,231,iron-tail,129,1
215,282,knock-off,129,1
215,289,snatch,129,1
215,386,punishment,2,3
215,399,dark-pulse,129,1
215,492,foul-play,0,1
215,555,snarl,0,1
216,7,fire-punch,129,1
216,8,ice-punch,129,1
216,9,thunder-punch,129,1
216,276,superpower,129,1
216,304,hyper-voice,0,1
216,387,last-resort,129,1
216,402,seed-bomb,129,1
216,441,gunk-shot,129,1
217,7,fire-punch,129,1
217,8,ice-punch,129,1
217,9,thunder-punch,129,1
217,67,low-kick,129,1
217,253,uproar,129,1
217,276,superpower,129,1
217,304,hyper-voice,0,1
217,387,last-resort,129,1
217,402,seed-bomb,129,1
217,431,rock-climb,0,129
217,441,gunk-shot,129,1
218,173,snore,129,1
218,214,sleep-talk,129,1
218,220,pain-split,129,1
218,334,iron-defense,129,1
218,495,after-you,0,1
219,173,snore,129,1
219,214,sleep-talk,129,1
219,220,pain-split,129,1
219,334,iron-defense,129,1
219,446,stealth-rock,129,1
219,495,after-you,0,1
220,173,snore,129,1
220,175,flail,0,1
220,214,sleep-talk,129,1
220,276,superpower,129,1
220,283,endeavor,129,1
220,414,earth-power,129,1
221,37,thrash,0,1
221,173,snore,129,1
221,175,flail,0,1
221,214,sleep-talk,129,1
221,276,superpower,129,1
221,283,endeavor,129,1
221,414,earth-power,129,1
222,173,snore,129,1
222,175,flail,0,1
222,196,icy-wind,129,1
222,203,endure,129,1
222,214,sleep-talk,129,1
222,277,magic-coat,129,1
222,283,endeavor,129,1
222,334,iron-defense,0,1
222,446,stealth-rock,129,1
223,56,hydro-pump,0,1
223,196,icy-wind,129,1
223,214,sleep-talk,129,1
223,340,bounce,129,1
223,402,seed-bomb,129,1
223,441,gunk-shot,129,1
224,20,bind,0,1
224,56,hydro-pump,0,1
224,196,icy-wind,129,1
224,214,sleep-talk,129,1
224,340,bounce,129,1
224,402,seed-bomb,129,1
225,8,ice-punch,2,3
225,143,sky-attack,129,1
225,214,sleep-talk,129,1
225,278,recycle,129,1
225,324,signal-beam,129,1
225,340,bounce,129,1
225,402,seed-bomb,129,1
225,441,gunk-shot,129,1
226,173,snore,129,1
226,196,icy-wind,129,1
226,214,sleep-talk,129,1
226,270,helping-hand,129,1
226,366,tailwind,129,1
226,401,aqua-tail,129,1
226,402,seed-bomb,129,1
226,403,air-slash,0,1
226,441,gunk-shot,129,1
226,442,iron-head,129,1
226,469,wide-guard,2,3
227,173,snore,129,1
227,196,icy-wind,129,1
227,214,sleep-talk,129,1
227,334,iron-defense,129,1
227,355,roost,129,1
227,366,tailwind,129,1
227,399,dark-pulse,129,1
227,442,iron-head,0,1
228,162,super-fang,129,1
228,173,snore,129,1
228,214,sleep-talk,129,1
228,231,iron-tail,129,1
228,253,uproar,129,1
228,257,heat-wave,129,1
228,272,role-play,129,1
228,289,snatch,129,1
228,304,hyper-voice,0,1
228,399,dark-pulse,129,1
228,555,snarl,0,1
229,162,super-fang,129,1
229,173,snore,129,1
229,214,sleep-talk,129,1
229,231,iron-tail,129,1
229,253,uproar,129,1
229,257,heat-wave,129,1
229,272,role-play,129,1
229,289,snatch,129,1
229,304,hyper-voice,0,1
229,399,dark-pulse,129,1
229,555,snarl,0,1
230,173,snore,129,1
230,196,icy-wind,129,1
230,214,sleep-talk,129,1
230,340,bounce,129,1
230,442,iron-head,129,1
231,214,sleep-talk,129,1
231,231,iron-tail,129,1
231,276,superpower,129,1
231,282,knock-off,129,1
231,304,hyper-voice,0,1
231,402,seed-bomb,129,1
231,414,earth-power,129,1
231,441,gunk-shot,129,1
231,446,stealth-rock,129,1
232,214,sleep-talk,129,1
232,231,iron-tail,129,1
232,276,superpower,129,1
232,304,hyper-voice,0,1
232,334,iron-defense,129,1
232,335,block,129,1
232,340,bounce,129,1
232,402,seed-bomb,129,1
232,414,earth-power,129,1
232,441,gunk-shot,129,1
232,446,stealth-rock,129,1
233,173,snore,129,1
233,196,icy-wind,129,1
233,214,sleep-talk,129,1
233,220,pain-split,129,1
233,231,iron-tail,129,1
233,271,trick,129,1
233,356,gravity,129,1
233,387,last-resort,129,1
233,428,zen-headbutt,129,1
233,472,wonder-room,0,1
233,492,foul-play,0,1
233,527,electroweb,0,1
234,173,snore,129,1
234,214,sleep-talk,129,1
234,231,iron-tail,129,1
234,253,uproar,129,1
234,285,skill-swap,129,1
234,324,signal-beam,129,1
234,340,bounce,129,1
234,356,gravity,129,1
234,387,last-resort,129,1
234,478,magic-room,0,1
235,464,dark-void,0,64
235,555,snarl,64,0
236,67,low-kick,129,1
236,173,snore,129,1
236,214,sleep-talk,129,1
236,253,uproar,129,1
236,272,role-play,129,1
236,343,covet,0,1
237,67,low-kick,129,1
237,173,snore,129,1
237,214,sleep-talk,129,1
237,253,uproar,129,1
237,272,role-play,129,1
237,343,covet,0,1
237,529,drill-run,0,1
238,173,snore,129,1
238,196,icy-wind,129,1
238,214,sleep-talk,129,1
238,215,heal-bell,129,1
238,253,uproar,129,1
238,270,helping-hand,129,1
238,271,trick,129,1
238,272,role-play,129,1
238,277,magic-coat,129,1
238,278,recycle,129,1
238,285,skill-swap,129,1
238,324,signal-beam,129,1
238,343,covet,0,1
238,428,zen-headbutt,129,1
238,478,magic-room,0,1
239,173,snore,129,1
239,214,sleep-talk,129,1
239,253,uproar,129,1
239,270,helping-hand,129,1
239,324,signal-beam,129,1
239,343,covet,0,1
239,393,magnet-rise,129,1
239,527,electroweb,0,1
239,530,dual-chop,0,1
240,173,snore,129,1
240,214,sleep-talk,129,1
240,253,uproar,129,1
240,257,heat-wave,129,1
240,270,helping-hand,129,1
240,343,covet,0,1
240,499,clear-smog,0,1
240,530,dual-chop,0,1
241,7,fire-punch,129,1
241,8,ice-punch,129,1
241,9,thunder-punch,129,1
241,173,snore,129,1
241,196,icy-wind,129,1
241,231,iron-tail,129,1
241,335,block,129,1
241,442,iron-head,129,1
241,446,stealth-rock,129,1
241,495,after-you,0,1
242,7,fire-punch,129,1
242,8,ice-punch,129,1
242,9,thunder-punch,129,1
242,173,snore,129,1
242,196,icy-wind,129,1
242,214,sleep-talk,129,1
242,231,iron-tail,129,1
242,253,uproar,129,1
242,278,recycle,129,1
242,283,endeavor,129,1
242,289,snatch,129,1
242,304,hyper-voice,0,1
242,335,block,129,1
242,343,covet,0,1
242,409,drain-punch,129,1
242,428,zen-headbutt,129,1
242,431,rock-climb,0,129
242,446,stealth-rock,129,1
243,173,snore,129,1
243,214,sleep-talk,129,1
243,231,iron-tail,129,1
243,324,signal-beam,129,1
243,393,magnet-rise,129,1
243,431,rock-climb,0,129
243,442,iron-head,129,1
243,555,snarl,0,1
244,173,snore,129,1
244,214,sleep-talk,129,1
244,231,iron-tail,129,1
244,257,heat-wave,129,1
244,431,rock-climb,0,129
244,442,iron-head,129,1
244,555,snarl,0,1
245,173,snore,129,1
245,196,icy-wind,129,1
245,214,sleep-talk,129,1
245,231,iron-tail,129,1
245,324,signal-beam,129,1
245,431,rock-climb,0,129
245,442,iron-head,129,1
245,555,snarl,0,1
246,173,snore,129,1
246,180,spite,129,1
246,200,outrage,2,3
246,214,sleep-talk,129,1
246,231,iron-tail,2,3
246,253,uproar,129,1
246,276,superpower,129,1
246,334,iron-defense,2,3
246,414,earth-power,129,1
246,555,snarl,0,1
247,173,snore,129,1
247,180,spite,129,1
247,200,outrage,2,3
247,214,sleep-talk,129,1
247,231,iron-tail,2,3
247,253,uproar,129,1
247,276,superpower,129,1
247,414,earth-power,129,1
247,555,snarl,0,1
248,7,fire-punch,129,1
248,8,ice-punch,129,1
248,9,thunder-punch,129,1
248,67,low-kick,129,1
248,173,snore,129,1
248,180,spite,129,1
248,214,sleep-talk,129,1
248,253,uproar,129,1
248,276,superpower,129,1
248,335,block,129,1
248,401,aqua-tail,129,1
248,406,dragon-pulse,129,1
248,414,earth-power,129,1
248,431,rock-climb,0,129
248,492,foul-play,0,1
248,555,snarl,0,1
249,173,snore,129,1
249,196,icy-wind,129,1
249,202,giga-drain,129,1
249,214,sleep-talk,129,1
249,231,iron-tail,129,1
249,271,trick,129,1
249,285,skill-swap,129,1
249,304,hyper-voice,0,1
249,324,signal-beam,129,1
249,355,roost,129,1
249,366,tailwind,129,1
249,401,aqua-tail,129,1
249,406,dragon-pulse,129,1
249,414,earth-power,129,1
249,428,zen-headbutt,129,1
249,442,iron-head,129,1
249,472,wonder-room,0,1
250,173,snore,129,1
250,202,giga-drain,129,1
250,214,sleep-talk,129,1
250,257,heat-wave,129,1
250,304,hyper-voice,0,1
250,324,signal-beam,129,1
250,355,roost,129,1
250,366,tailwind,129,1
250,414,earth-power,129,1
250,428,zen-headbutt,129,1
250,442,iron-head,129,1
251,173,snore,129,1
251,202,giga-drain,129,1
251,214,sleep-talk,129,1
251,235,synthesis,129,1
251,253,uproar,129,1
251,270,helping-hand,129,1
251,271,trick,129,1
251,277,magic-coat,129,1
251,285,skill-swap,129,1
251,324,signal-beam,129,1
251,387,last-resort,129,1
251,388,worry-seed,129,1
251,402,seed-bomb,129,1
251,414,earth-power,129,1
251,428,zen-headbutt,129,1
251,446,stealth-rock,129,1
251,472,wonder-room,0,1
251,478,magic-room,0,1
252,9,thunder-punch,129,1
252,67,low-kick,129,1
252,173,snore,129,1
252,214,sleep-talk,129,1
252,231,iron-tail,129,1
252,402,seed-bomb,129,1
252,409,drain-punch,129,1
253,9,thunder-punch,129,1
253,67,low-kick,129,1
253,173,snore,129,1
253,214,sleep-talk,129,1
253,231,iron-tail,129,1
253,402,seed-bomb,129,1
253,409,drain-punch,129,1
254,9,thunder-punch,129,1
254,67,low-kick,129,1
254,173,snore,129,1
254,200,outrage,129,1
254,214,sleep-talk,129,1
254,231,iron-tail,129,1
254,402,seed-bomb,129,1
254,406,dragon-pulse,129,1
254,409,drain-punch,129,1
254,431,rock-climb,0,129
255,67,low-kick,2,3
255,173,snore,129,1
255,214,sleep-talk,129,1
255,257,heat-wave,129,1
255,270,helping-hand,129,1
255,340,bounce,129,1
256,7,fire-punch,129,1
256,9,thunder-punch,129,1
256,173,snore,129,1
256,214,sleep-talk,129,1
256,257,heat-wave,129,1
256,270,helping-hand,129,1
256,340,bounce,129,1
256,530,dual-chop,0,1
257,9,thunder-punch,129,1
257,173,snore,129,1
257,214,sleep-talk,129,1
257,257,heat-wave,129,1
257,270,helping-hand,129,1
257,272,role-play,129,1
257,276,superpower,129,1
257,282,knock-off,129,1
257,340,bounce,129,1
257,431,rock-climb,0,129
257,530,dual-chop,0,1
258,67,low-kick,129,1
258,173,snore,129,1
258,196,icy-wind,129,1
258,214,sleep-talk,129,1
258,231,iron-tail,129,1
258,276,superpower,129,1
258,401,aqua-tail,129,1
258,414,earth-power,129,1
259,8,ice-punch,129,1
259,67,low-kick,129,1
259,173,snore,129,1
259,196,icy-wind,129,1
259,214,sleep-talk,129,1
259,231,iron-tail,129,1
259,276,superpower,129,1
259,401,aqua-tail,129,1
259,414,earth-power,129,1
259,446,stealth-rock,129,1
260,8,ice-punch,129,1
260,67,low-kick,129,1
260,173,snore,129,1
260,196,icy-wind,129,1
260,200,outrage,129,1
260,214,sleep-talk,129,1
260,231,iron-tail,129,1
260,276,superpower,129,1
260,401,aqua-tail,129,1
260,414,earth-power,129,1
260,431,rock-climb,0,129
260,446,stealth-rock,129,1
261,162,super-fang,129,1
261,173,snore,129,1
261,180,spite,129,1
261,231,iron-tail,129,1
261,253,uproar,129,1
261,304,hyper-voice,0,1
261,343,covet,2,3
261,399,dark-pulse,129,1
261,492,foul-play,0,1
261,555,snarl,0,1
262,162,super-fang,129,1
262,173,snore,129,1
262,180,spite,129,1
262,231,iron-tail,129,1
262,253,uproar,129,1
262,304,hyper-voice,0,1
262,343,covet,2,3
262,399,dark-pulse,129,1
262,492,foul-play,0,1
262,555,snarl,0,1
263,162,super-fang,129,1
263,173,snore,129,1
263,196,icy-wind,129,1
263,231,iron-tail,129,1
263,304,hyper-voice,0,1
263,387,last-resort,129,1
263,402,seed-bomb,129,1
263,441,gunk-shot,129,1
264,162,super-fang,129,1
264,173,snore,129,1
264,196,icy-wind,129,1
264,231,iron-tail,129,1
264,304,hyper-voice,0,1
264,387,last-resort,129,1
264,402,seed-bomb,129,1
264,441,gunk-shot,129,1
265,173,snore,129,1
265,527,electroweb,0,1
266,173,snore,129,1
266,334,iron-defense,129,1
266,527,electroweb,0,1
267,173,snore,129,1
267,214,sleep-talk,129,1
267,324,signal-beam,129,1
267,334,iron-defense,129,1
267,355,roost,129,1
267,366,tailwind,129,1
267,527,electroweb,0,1
268,173,snore,129,1
268,334,iron-defense,129,1
268,527,electroweb,0,1
269,173,snore,129,1
269,202,giga-drain,129,1
269,214,sleep-talk,129,1
269,324,signal-beam,129,1
269,334,iron-defense,129,1
269,355,roost,129,1
269,366,tailwind,129,1
269,527,electroweb,0,1
270,173,snore,129,1
270,196,icy-wind,129,1
270,214,sleep-talk,129,1
270,253,uproar,129,1
270,402,seed-bomb,129,1
271,7,fire-punch,129,1
271,8,ice-punch,129,1
271,9,thunder-punch,129,1
271,173,snore,129,1
271,196,icy-wind,129,1
271,214,sleep-talk,129,1
271,304,hyper-voice,0,1
271,402,seed-bomb,129,1
271,409,drain-punch,129,1
272,7,fire-punch,129,1
272,8,ice-punch,129,1
272,9,thunder-punch,129,1
272,173,snore,129,1
272,196,icy-wind,129,1
272,214,sleep-talk,129,1
272,304,hyper-voice,0,1
272,402,seed-bomb,129,1
272,409,drain-punch,129,1
272,431,rock-climb,0,129
273,173,snore,129,1
273,180,spite,129,1
273,214,sleep-talk,129,1
273,402,seed-bomb,129,1
273,492,foul-play,2,3
274,67,low-kick,129,1
274,173,snore,129,1
274,180,spite,129,1
274,214,sleep-talk,129,1
274,399,dark-pulse,129,1
274,402,seed-bomb,129,1
274,492,foul-play,2,3
274,555,snarl,0,1
275,67,low-kick,129,1
275,173,snore,129,1
275,180,spite,129,1
275,196,icy-wind,129,1
275,214,sleep-talk,129,1
275,282,knock-off,129,1
275,340,bounce,129,1
275,366,tailwind,129,1
275,399,dark-pulse,129,1
275,402,seed-bomb,129,1
275,492,foul-play,2,3
275,555,snarl,0,1
276,173,snore,129,1
276,214,sleep-talk,129,1
276,257,heat-wave,129,1
276,366,tailwind,129,1
277,173,snore,129,1
277,214,sleep-talk,129,1
277,257,heat-wave,129,1
277,366,tailwind,129,1
278,173,snore,129,1
278,196,icy-wind,129,1
278,214,sleep-talk,129,1
278,253,uproar,129,1
278,314,air-cutter,129,1
278,366,tailwind,129,1
279,143,sky-attack,129,1
279,173,snore,129,1
279,196,icy-wind,129,1
279,214,sleep-talk,129,1
279,253,uproar,129,1
279,314,air-cutter,129,1
279,402,seed-bomb,129,1
279,441,gunk-shot,129,1
280,7,fire-punch,129,1
280,8,ice-punch,129,1
280,9,thunder-punch,129,1
280,173,snore,129,1
280,196,icy-wind,129,1
280,214,sleep-talk,129,1
280,220,pain-split,129,1
280,270,helping-hand,129,1
280,271,trick,129,1
280,277,magic-coat,129,1
280,278,recycle,129,1
280,289,snatch,129,1
280,304,hyper-voice,0,1
280,324,signal-beam,129,1
280,428,zen-headbutt,129,1
280,472,wonder-room,0,1
280,478,magic-room,0,1
281,7,fire-punch,129,1
281,8,ice-punch,129,1
281,9,thunder-punch,129,1
281,173,snore,129,1
281,196,icy-wind,129,1
281,214,sleep-talk,129,1
281,220,pain-split,129,1
281,270,helping-hand,129,1
281,271,trick,129,1
281,277,magic-coat,129,1
281,278,recycle,129,1
281,289,snatch,129,1
281,304,hyper-voice,0,1
281,324,signal-beam,129,1
281,428,zen-headbutt,129,1
281,472,wonder-room,0,1
281,478,magic-room,0,1
282,7,fire-punch,129,1
282,8,ice-punch,129,1
282,9,thunder-punch,129,1
282,173,snore,129,1
282,196,icy-wind,129,1
282,214,sleep-talk,129,1
282,215,heal-bell,129,1
282,220,pain-split,129,1
282,270,helping-hand,129,1
282,271,trick,129,1
282,277,magic-coat,129,1
282,278,recycle,129,1
282,289,snatch,129,1
282,304,hyper-voice,0,1
282,324,signal-beam,129,1
282,428,zen-headbutt,129,1
282,472,wonder-room,0,1
282,478,magic-room,0,1
283,173,snore,129,1
283,196,icy-wind,129,1
283,202,giga-drain,129,1
283,214,sleep-talk,129,1
284,173,snore,129,1
284,196,icy-wind,129,1
284,202,giga-drain,129,1
284,214,sleep-talk,129,1
284,355,roost,129,1
284,366,tailwind,129,1
285,173,snore,129,1
285,214,sleep-talk,129,1
285,235,synthesis,129,1
285,289,snatch,129,1
285,409,drain-punch,2,3
286,9,thunder-punch,129,1
286,173,snore,129,1
286,214,sleep-talk,129,1
286,231,iron-tail,129,1
286,235,synthesis,129,1
286,276,superpower,129,1
286,289,snatch,129,1
287,7,fire-punch,129,1
287,8,ice-punch,129,1
287,9,thunder-punch,129,1
287,196,icy-wind,129,1
287,441,gunk-shot,129,1
287,495,after-you,2,3
288,7,fire-punch,129,1
288,8,ice-punch,129,1
288,9,thunder-punch,129,1
288,67,low-kick,129,1
288,196,icy-wind,129,1
288,431,rock-climb,0,129
288,441,gunk-shot,129,1
288,495,after-you,2,3
289,7,fire-punch,129,1
289,8,ice-punch,129,1
289,9,thunder-punch,129,1
289,67,low-kick,129,1
289,196,icy-wind,129,1
289,335,block,129,1
289,431,rock-climb,0,129
289,441,gunk-shot,129,1
289,495,after-you,2,3
290,173,snore,129,1
290,180,spite,129,1
290,202,giga-drain,129,1
290,214,sleep-talk,129,1
291,173,snore,129,1
291,180,spite,129,1
291,202,giga-drain,129,1
291,214,sleep-talk,129,1
291,253,uproar,129,1
291,355,roost,129,1
292,129,swift,0,129
292,173,snore,129,1
292,202,giga-drain,129,1
292,213,attract,0,1
292,214,sleep-talk,129,1
292,253,uproar,0,1
292,271,trick,129,1
292,314,air-cutter,0,129
292,318,silver-wind,2,3
292,355,roost,0,1
292,369,u-turn,0,1
292,432,defog,0,129
292,445,captivate,0,129
292,466,ominous-wind,0,129
293,7,fire-punch,129,1
293,8,ice-punch,129,1
293,9,thunder-punch,129,1
293,196,icy-wind,129,1
293,283,endeavor,2,3
293,428,zen-headbutt,129,1
294,7,fire-punch,129,1
294,8,ice-punch,129,1
294,9,thunder-punch,129,1
294,67,low-kick,129,1
294,196,icy-wind,129,1
294,283,endeavor,2,3
294,428,zen-headbutt,129,1
295,7,fire-punch,129,1
295,8,ice-punch,129,1
295,9,thunder-punch,129,1
295,67,low-kick,129,1
295,196,icy-wind,129,1
295,200,outrage,129,1
295,283,endeavor,2,3
295,428,zen-headbutt,129,1
295,431,rock-climb,0,129
296,7,fire-punch,129,1
296,8,ice-punch,129,1
296,9,thunder-punch,129,1
296,67,low-kick,129,1
296,173,snore,129,1
296,214,sleep-talk,129,1
296,272,role-play,129,1
296,276,superpower,129,1
296,431,rock-climb,0,129
297,7,fire-punch,129,1
297,8,ice-punch,129,1
297,9,thunder-punch,129,1
297,67,low-kick,129,1
297,173,snore,129,1
297,214,sleep-talk,129,1
297,272,role-play,129,1
297,276,superpower,129,1
297,431,rock-climb,0,129
297,442,iron-head,129,1
298,61,bubble-beam,0,1
298,173,snore,129,1
298,196,icy-wind,129,1
298,214,sleep-talk,129,1
298,231,iron-tail,129,1
298,253,uproar,129,1
298,270,helping-hand,129,1
298,282,knock-off,129,1
298,304,hyper-voice,0,1
298,340,bounce,0,1
298,343,covet,0,1
298,346,water-sport,2,3
299,7,fire-punch,129,1
299,8,ice-punch,129,1
299,9,thunder-punch,129,1
299,173,snore,129,1
299,209,spark,0,1
299,214,sleep-talk,129,1
299,220,pain-split,129,1
299,277,magic-coat,129,1
299,334,iron-defense,129,1
299,350,rock-blast,0,1
299,356,gravity,129,1
299,393,magnet-rise,129,1
299,457,head-smash,0,2
300,173,snore,129,1
300,196,icy-wind,129,1
300,214,sleep-talk,129,1
300,231,iron-tail,129,1
300,253,uproar,2,3
300,304,hyper-voice,0,1
301,173,snore,129,1
301,196,icy-wind,129,1
301,214,sleep-talk,129,1
301,231,iron-tail,129,1
301,253,uproar,2,3
301,304,hyper-voice,0,1
302,7,fire-punch,129,1
302,8,ice-punch,129,1
302,9,thunder-punch,129,1
302,67,low-kick,129,1
302,173,snore,129,1
302,180,spite,129,1
302,196,icy-wind,129,1
302,214,sleep-talk,129,1
302,272,role-play,129,1
302,277,magic-coat,129,1
302,289,snatch,129,1
302,324,signal-beam,129,1
302,356,gravity,129,1
302,399,dark-pulse,129,1
302,472,wonder-room,0,1
302,555,snarl,0,1
303,8,ice-punch,129,1
303,9,thunder-punch,129,1
303,162,super-fang,129,1
303,173,snore,129,1
303,196,icy-wind,129,1
303,214,sleep-talk,129,1
303,220,pain-split,129,1
303,282,knock-off,129,1
303,289,snatch,0,1
303,387,last-resort,0,1
303,393,magnet-rise,129,1
303,399,dark-pulse,129,1
303,446,stealth-rock,0,1
303,492,foul-play,0,1
304,173,snore,129,1
304,180,spite,129,1
304,214,sleep-talk,129,1
304,253,uproar,129,1
304,393,magnet-rise,129,1
304,414,earth-power,129,1
305,173,snore,129,1
305,180,spite,129,1
305,214,sleep-talk,129,1
305,253,uproar,129,1
305,393,magnet-rise,129,1
305,414,earth-power,129,1
306,7,fire-punch,129,1
306,8,ice-punch,129,1
306,9,thunder-punch,129,1
306,67,low-kick,129,1
306,173,snore,129,1
306,180,spite,129,1
306,196,icy-wind,129,1
306,200,outrage,129,1
306,214,sleep-talk,129,1
306,253,uproar,129,1
306,335,block,129,1
306,393,magnet-rise,129,1
306,399,dark-pulse,129,1
306,401,aqua-tail,129,1
306,406,dragon-pulse,129,1
306,414,earth-power,129,1
306,431,rock-climb,0,129
307,67,low-kick,129,1
307,173,snore,129,1
307,214,sleep-talk,129,1
307,220,pain-split,129,1
307,270,helping-hand,129,1
307,271,trick,129,1
307,272,role-play,129,1
307,277,magic-coat,129,1
307,278,recycle,129,1
307,324,signal-beam,129,1
307,356,gravity,129,1
307,428,zen-headbutt,129,1
308,67,low-kick,129,1
308,173,snore,129,1
308,214,sleep-talk,129,1
308,220,pain-split,129,1
308,270,helping-hand,129,1
308,271,trick,129,1
308,272,role-play,129,1
308,277,magic-coat,129,1
308,278,recycle,129,1
308,324,signal-beam,129,1
308,356,gravity,129,1
308,428,zen-headbutt,129,1
309,173,snore,129,1
309,214,sleep-talk,129,1
309,231,iron-tail,129,1
309,253,uproar,2,3
309,324,signal-beam,129,1
309,393,magnet-rise,129,1
309,555,snarl,0,1
310,173,snore,129,1
310,214,sleep-talk,129,1
310,231,iron-tail,129,1
310,253,uproar,2,3
310,324,signal-beam,129,1
310,393,magnet-rise,129,1
310,555,snarl,0,1
311,9,thunder-punch,129,1
311,173,snore,129,1
311,214,sleep-talk,129,1
311,231,iron-tail,129,1
311,253,uproar,129,1
311,324,signal-beam,129,1
311,393,magnet-rise,129,1
312,9,thunder-punch,129,1
312,173,snore,129,1
312,214,sleep-talk,129,1
312,231,iron-tail,129,1
312,253,uproar,129,1
312,324,signal-beam,129,1
312,387,last-resort,129,1
312,393,magnet-rise,129,1
313,8,ice-punch,129,1
313,9,thunder-punch,129,1
313,173,snore,129,1
313,202,giga-drain,129,1
313,214,sleep-talk,129,1
313,271,trick,2,3
313,355,roost,129,1
313,366,tailwind,129,1
313,450,bug-bite,129,1
314,8,ice-punch,129,1
314,9,thunder-punch,129,1
314,173,snore,129,1
314,202,giga-drain,129,1
314,214,sleep-talk,129,1
314,355,roost,129,1
314,366,tailwind,129,1
314,450,bug-bite,129,1
315,173,snore,129,1
315,214,sleep-talk,129,1
315,253,uproar,129,1
315,343,covet,0,1
316,7,fire-punch,129,1
316,8,ice-punch,129,1
316,9,thunder-punch,129,1
316,173,snore,129,1
316,202,giga-drain,129,1
316,214,sleep-talk,129,1
316,289,snatch,129,1
316,402,seed-bomb,129,1
317,7,fire-punch,129,1
317,8,ice-punch,129,1
317,9,thunder-punch,129,1
317,173,snore,129,1
317,202,giga-drain,129,1
317,214,sleep-talk,129,1
317,289,snatch,129,1
317,335,block,129,1
317,402,seed-bomb,129,1
318,162,super-fang,129,1
318,173,snore,129,1
318,180,spite,129,1
318,196,icy-wind,129,1
318,214,sleep-talk,129,1
318,253,uproar,129,1
318,340,bounce,129,1
318,399,dark-pulse,129,1
318,428,zen-headbutt,129,1
318,555,snarl,0,1
319,162,super-fang,129,1
319,173,snore,129,1
319,180,spite,129,1
319,196,icy-wind,129,1
319,214,sleep-talk,129,1
319,253,uproar,129,1
319,340,bounce,129,1
319,399,dark-pulse,129,1
319,428,zen-headbutt,129,1
319,555,snarl,0,1
320,196,icy-wind,129,1
320,304,hyper-voice,0,1
320,428,zen-headbutt,2,3
321,196,icy-wind,129,1
321,304,hyper-voice,0,1
321,335,block,129,1
321,428,zen-headbutt,2,3
321,442,iron-head,129,1
322,173,snore,129,1
322,174,curse,0,1
322,214,sleep-talk,129,1
322,281,yawn,2,3
322,442,iron-head,2,3
322,446,stealth-rock,129,1
322,495,after-you,0,1
323,173,snore,129,1
323,174,curse,0,1
323,214,sleep-talk,129,1
323,281,yawn,2,3
323,446,stealth-rock,129,1
323,495,after-you,0,1
324,173,snore,129,1
324,231,iron-tail,129,1
324,414,earth-power,129,1
324,446,stealth-rock,129,1
324,495,after-you,0,1
325,196,icy-wind,129,1
325,214,sleep-talk,129,1
325,215,heal-bell,129,1
325,231,iron-tail,129,1
325,272,role-play,129,1
325,278,recycle,129,1
325,289,snatch,129,1
325,324,signal-beam,129,1
325,343,covet,0,1
326,7,fire-punch,129,1
326,8,ice-punch,129,1
326,9,thunder-punch,129,1
326,196,icy-wind,129,1
326,214,sleep-talk,129,1
326,215,heal-bell,129,1
326,231,iron-tail,129,1
326,272,role-play,129,1
326,278,recycle,129,1
326,289,snatch,129,1
326,324,signal-beam,129,1
326,343,covet,0,1
326,409,drain-punch,129,1
327,7,fire-punch,129,1
327,8,ice-punch,129,1
327,9,thunder-punch,129,1
327,67,low-kick,129,1
327,173,snore,129,1
327,214,sleep-talk,129,1
327,270,helping-hand,129,1
327,271,trick,2,3
327,278,recycle,129,1
327,285,skill-swap,129,1
327,289,snatch,129,1
327,304,hyper-voice,0,1
327,343,covet,0,1
327,387,last-resort,129,1
327,409,drain-punch,129,1
327,428,zen-headbutt,129,1
328,117,bide,0,1
328,173,snore,129,1
328,189,mud-slap,129,1
328,202,giga-drain,129,1
328,214,sleep-talk,129,1
328,276,superpower,0,1
328,324,signal-beam,2,3
329,117,bide,0,1
329,173,snore,129,1
329,189,mud-slap,129,1
329,200,outrage,129,1
329,202,giga-drain,129,1
329,214,sleep-talk,129,1
329,257,heat-wave,129,1
329,276,superpower,0,1
329,324,signal-beam,2,3
329,355,roost,129,1
329,366,tailwind,129,1
329,406,dragon-pulse,129,1
330,7,fire-punch,129,1
330,9,thunder-punch,129,1
330,117,bide,0,1
330,173,snore,129,1
330,189,mud-slap,129,1
330,200,outrage,129,1
330,202,giga-drain,129,1
330,214,sleep-talk,129,1
330,231,iron-tail,129,1
330,257,heat-wave,129,1
330,276,superpower,0,1
330,324,signal-beam,2,3
330,355,roost,129,1
330,366,tailwind,129,1
330,406,dragon-pulse,129,1
331,9,thunder-punch,129,1
331,173,snore,129,1
331,180,spite,129,1
331,202,giga-drain,129,1
331,214,sleep-talk,129,1
331,235,synthesis,129,1
331,272,role-play,129,1
331,335,block,2,3
331,399,dark-pulse,129,1
331,409,drain-punch,129,1
332,9,thunder-punch,129,1
332,173,snore,129,1
332,180,spite,129,1
332,202,giga-drain,129,1
332,214,sleep-talk,129,1
332,235,synthesis,129,1
332,272,role-play,129,1
332,276,superpower,129,1
332,335,block,2,3
332,399,dark-pulse,129,1
332,409,drain-punch,129,1
332,492,foul-play,0,1
333,173,snore,129,1
333,200,outrage,129,1
333,214,sleep-talk,129,1
333,215,heal-bell,129,1
333,253,uproar,129,1
333,257,heat-wave,129,1
333,304,hyper-voice,2,3
333,366,tailwind,129,1
334,173,snore,129,1
334,200,outrage,129,1
334,214,sleep-talk,129,1
334,231,iron-tail,129,1
334,253,uproar,129,1
334,257,heat-wave,129,1
334,304,hyper-voice,2,3
334,366,tailwind,129,1
334,472,wonder-room,0,1
335,7,fire-punch,129,1
335,8,ice-punch,129,1
335,9,thunder-punch,129,1
335,67,low-kick,129,1
335,173,snore,129,1
335,196,icy-wind,129,1
335,202,giga-drain,129,1
335,214,sleep-talk,129,1
335,279,revenge,0,1
335,282,knock-off,129,1
335,283,endeavor,129,1
335,387,last-resort,129,1
335,431,rock-climb,0,129
336,20,bind,0,1
336,173,snore,129,1
336,202,giga-drain,129,1
336,214,sleep-talk,129,1
336,282,knock-off,129,1
336,289,snatch,129,1
336,380,gastro-acid,0,1
336,399,dark-pulse,129,1
336,401,aqua-tail,129,1
337,173,snore,129,1
337,196,icy-wind,0,1
337,214,sleep-talk,129,1
337,220,pain-split,129,1
337,270,helping-hand,129,1
337,277,magic-coat,129,1
337,278,recycle,129,1
337,285,skill-swap,129,1
337,324,signal-beam,129,1
337,356,gravity,129,1
337,414,earth-power,129,1
337,428,zen-headbutt,129,1
337,442,iron-head,129,1
337,446,stealth-rock,129,1
338,173,snore,129,1
338,214,sleep-talk,129,1
338,220,pain-split,129,1
338,257,heat-wave,0,1
338,270,helping-hand,129,1
338,277,magic-coat,129,1
338,278,recycle,129,1
338,285,skill-swap,129,1
338,324,signal-beam,129,1
338,334,iron-defense,129,1
338,356,gravity,129,1
338,414,earth-power,129,1
338,428,zen-headbutt,129,1
338,442,iron-head,129,1
338,446,stealth-rock,129,1
339,196,icy-wind,129,1
339,214,sleep-talk,129,1
339,340,bounce,129,1
340,196,icy-wind,129,1
340,214,sleep-talk,129,1
340,340,bounce,129,1
341,173,snore,129,1
341,180,spite,129,1
341,196,icy-wind,129,1
341,214,sleep-talk,129,1
341,334,iron-defense,129,1
342,173,snore,129,1
342,180,spite,129,1
342,196,icy-wind,129,1
342,214,sleep-talk,129,1
342,334,iron-defense,129,1
342,399,dark-pulse,129,1
342,555,snarl,0,1
343,173,snore,129,1
343,214,sleep-talk,129,1
343,271,trick,129,1
343,277,magic-coat,129,1
343,278,recycle,129,1
343,285,skill-swap,129,1
343,324,signal-beam,129,1
343,356,gravity,129,1
343,428,zen-headbutt,129,1
343,446,stealth-rock,129,1
343,472,wonder-room,0,1
343,529,drill-run,0,1
344,173,snore,129,1
344,214,sleep-talk,129,1
344,271,trick,129,1
344,277,magic-coat,129,1
344,278,recycle,129,1
344,285,skill-swap,129,1
344,324,signal-beam,129,1
344,356,gravity,129,1
344,428,zen-headbutt,129,1
344,446,stealth-rock,129,1
344,472,wonder-room,0,1
344,529,drill-run,0,1
345,20,bind,0,1
345,173,snore,129,1
345,202,giga-drain,129,1
345,214,sleep-talk,129,1
345,220,pain-split,129,1
345,235,synthesis,129,1
345,388,worry-seed,129,1
345,402,seed-bomb,129,1
345,414,earth-power,129,1
346,20,bind,0,1
346,173,snore,129,1
346,202,giga-drain,129,1
346,214,sleep-talk,129,1
346,220,pain-split,129,1
346,235,synthesis,129,1
346,335,block,129,1
346,388,worry-seed,129,1
346,402,seed-bomb,129,1
346,414,earth-power,129,1
347,173,snore,129,1
347,214,sleep-talk,129,1
347,414,earth-power,129,1
347,446,stealth-rock,129,1
347,450,bug-bite,0,1
348,67,low-kick,129,1
348,173,snore,129,1
348,214,sleep-talk,129,1
348,231,iron-tail,129,1
348,276,superpower,129,1
348,335,block,129,1
348,401,aqua-tail,129,1
348,414,earth-power,129,1
348,446,stealth-rock,129,1
348,450,bug-bite,0,1
349,173,snore,129,1
349,196,icy-wind,129,1
349,214,sleep-talk,129,1
349,231,iron-tail,2,3
349,406,dragon-pulse,2,3
350,20,bind,0,1
350,173,snore,129,1
350,196,icy-wind,129,1
350,214,sleep-talk,129,1
350,277,magic-coat,129,1
350,442,iron-head,129,1
351,173,snore,129,1
351,196,icy-wind,129,1
351,214,sleep-talk,129,1
351,366,tailwind,129,1
351,387,last-resort,129,1
352,7,fire-punch,129,1
352,8,ice-punch,129,1
352,9,thunder-punch,129,1
352,67,low-kick,129,1
352,173,snore,129,1
352,196,icy-wind,129,1
352,214,sleep-talk,129,1
352,231,iron-tail,129,1
352,272,role-play,129,1
352,278,recycle,129,1
352,282,knock-off,129,1
352,387,last-resort,129,1
352,401,aqua-tail,129,1
352,409,drain-punch,129,1
352,446,stealth-rock,129,1
352,472,wonder-room,0,1
352,492,foul-play,2,3
352,495,after-you,0,1
353,196,icy-wind,129,1
353,214,sleep-talk,129,1
353,220,pain-split,129,1
353,272,role-play,129,1
353,277,magic-coat,129,1
353,285,skill-swap,129,1
353,399,dark-pulse,129,1
353,478,magic-room,0,1
353,492,foul-play,0,1
354,196,icy-wind,129,1
354,214,sleep-talk,129,1
354,220,pain-split,129,1
354,272,role-play,129,1
354,277,magic-coat,129,1
354,285,skill-swap,129,1
354,399,dark-pulse,129,1
354,478,magic-room,0,1
354,492,foul-play,0,1
355,173,snore,129,1
355,180,spite,129,1
355,196,icy-wind,129,1
355,214,sleep-talk,129,1
355,271,trick,129,1
355,289,snatch,129,1
355,356,gravity,129,1
355,472,wonder-room,0,1
356,173,snore,129,1
356,180,spite,129,1
356,196,icy-wind,129,1
356,214,sleep-talk,129,1
356,271,trick,129,1
356,289,snatch,129,1
356,472,wonder-room,0,1
357,173,snore,129,1
357,200,outrage,129,1
357,202,giga-drain,129,1
357,214,sleep-talk,129,1
357,355,roost,129,1
357,366,tailwind,129,1
357,388,worry-seed,129,1
357,402,seed-bomb,0,1
357,406,dragon-pulse,0,1
358,20,bind,0,1
358,173,snore,129,1
358,196,icy-wind,129,1
358,214,sleep-talk,129,1
358,270,helping-hand,129,1
358,271,trick,129,1
358,277,magic-coat,129,1
358,278,recycle,129,1
358,282,knock-off,129,1
358,289,snatch,129,1
358,304,hyper-voice,0,1
358,324,signal-beam,129,1
358,356,gravity,129,1
358,428,zen-headbutt,129,1
359,173,snore,129,1
359,196,icy-wind,129,1
359,214,sleep-talk,129,1
359,231,iron-tail,129,1
359,272,role-play,129,1
359,276,superpower,129,1
359,282,knock-off,129,1
359,289,snatch,129,1
359,340,bounce,129,1
359,399,dark-pulse,129,1
359,492,foul-play,0,1
359,555,snarl,0,1
361,173,snore,129,1
361,180,spite,129,1
361,214,sleep-talk,129,1
362,162,super-fang,129,1
362,173,snore,129,1
362,180,spite,129,1
362,214,sleep-talk,129,1
362,324,signal-beam,129,1
362,399,dark-pulse,129,1
362,442,iron-head,129,1
363,162,super-fang,129,1
363,196,icy-wind,129,1
363,231,iron-tail,129,1
363,401,aqua-tail,129,1
364,162,super-fang,129,1
364,196,icy-wind,129,1
364,231,iron-tail,129,1
364,401,aqua-tail,129,1
365,162,super-fang,129,1
365,196,icy-wind,129,1
365,231,iron-tail,129,1
365,335,block,129,1
365,401,aqua-tail,129,1
365,442,iron-head,129,1
366,173,snore,129,1
366,196,icy-wind,129,1
366,214,sleep-talk,129,1
367,20,bind,0,1
367,162,super-fang,129,1
367,173,snore,129,1
367,196,icy-wind,129,1
367,214,sleep-talk,129,1
367,289,snatch,129,1
367,340,bounce,129,1
368,20,bind,0,1
368,173,snore,129,1
368,196,icy-wind,129,1
368,214,sleep-talk,129,1
368,324,signal-beam,129,1
368,340,bounce,129,1
369,196,icy-wind,129,1
369,340,bounce,129,1
369,414,earth-power,129,1
369,428,zen-headbutt,2,3
369,446,stealth-rock,129,1
370,173,snore,129,1
370,196,icy-wind,129,1
370,214,sleep-talk,129,1
370,340,bounce,129,1
371,173,snore,129,1
371,200,outrage,129,1
371,214,sleep-talk,129,1
371,304,hyper-voice,0,1
372,173,snore,129,1
372,200,outrage,129,1
372,214,sleep-talk,129,1
372,304,hyper-voice,0,1
373,173,snore,129,1
373,200,outrage,129,1
373,214,sleep-talk,129,1
373,231,iron-tail,129,1
373,257,heat-wave,129,1
373,304,hyper-voice,0,1
373,355,roost,129,1
373,366,tailwind,129,1
373,401,aqua-tail,129,1
374,334,iron-defense,129,1
374,428,zen-headbutt,129,1
374,442,iron-head,129,1
375,8,ice-punch,129,1
375,9,thunder-punch,129,1
375,173,snore,129,1
375,196,icy-wind,129,1
375,214,sleep-talk,129,1
375,271,trick,129,1
375,324,signal-beam,129,1
375,356,gravity,129,1
375,357,miracle-eye,0,1
375,442,iron-head,129,1
375,446,stealth-rock,129,1
376,8,ice-punch,129,1
376,9,thunder-punch,129,1
376,173,snore,129,1
376,196,icy-wind,129,1
376,214,sleep-talk,129,1
376,271,trick,129,1
376,324,signal-beam,129,1
376,335,block,129,1
376,356,gravity,129,1
376,357,miracle-eye,0,1
376,442,iron-head,129,1
376,446,stealth-rock,129,1
377,7,fire-punch,129,1
377,8,ice-punch,129,1
377,9,thunder-punch,129,1
377,173,snore,129,1
377,214,sleep-talk,129,1
377,335,block,129,1
377,356,gravity,129,1
377,409,drain-punch,129,1
377,414,earth-power,129,1
377,431,rock-climb,0,129
377,442,iron-head,129,1
377,446,stealth-rock,129,1
378,8,ice-punch,129,1
378,9,thunder-punch,129,1
378,173,snore,129,1
378,214,sleep-talk,129,1
378,324,signal-beam,129,1
378,335,block,129,1
378,356,gravity,129,1
378,431,rock-climb,0,129
378,442,iron-head,129,1
379,8,ice-punch,129,1
379,9,thunder-punch,129,1
379,173,snore,129,1
379,214,sleep-talk,129,1
379,335,block,129,1
379,356,gravity,129,1
379,393,magnet-rise,129,1
379,431,rock-climb,0,129
379,446,stealth-rock,129,1
380,173,snore,129,1
380,196,icy-wind,129,1
380,200,outrage,129,1
380,214,sleep-talk,129,1
380,271,trick,129,1
380,272,role-play,129,1
380,277,magic-coat,129,1
380,343,covet,0,1
380,355,roost,129,1
380,366,tailwind,129,1
380,387,last-resort,129,1
380,478,magic-room,0,1
381,173,snore,129,1
381,196,icy-wind,129,1
381,200,outrage,129,1
381,214,sleep-talk,129,1
381,271,trick,129,1
381,277,magic-coat,129,1
381,355,roost,129,1
381,366,tailwind,129,1
381,387,last-resort,129,1
381,472,wonder-room,0,1
382,173,snore,129,1
382,196,icy-wind,129,1
382,214,sleep-talk,129,1
382,253,uproar,129,1
382,324,signal-beam,129,1
382,335,block,129,1
382,442,iron-head,129,1
383,7,fire-punch,129,1
383,9,thunder-punch,129,1
383,173,snore,129,1
383,214,sleep-talk,129,1
383,231,iron-tail,129,1
383,253,uproar,129,1
383,335,block,129,1
383,406,dragon-pulse,129,1
383,431,rock-climb,0,129
383,442,iron-head,129,1
383,446,stealth-rock,129,1
384,20,bind,0,1
384,173,snore,129,1
384,196,icy-wind,129,1
384,214,sleep-talk,129,1
384,231,iron-tail,129,1
384,253,uproar,129,1
384,366,tailwind,129,1
384,401,aqua-tail,129,1
384,414,earth-power,129,1
384,442,iron-head,129,1
385,7,fire-punch,129,1
385,8,ice-punch,129,1
385,9,thunder-punch,129,1
385,173,snore,129,1
385,196,icy-wind,129,1
385,214,sleep-talk,129,1
385,253,uproar,129,1
385,271,trick,129,1
385,277,magic-coat,129,1
385,278,recycle,129,1
385,285,skill-swap,129,1
385,324,signal-beam,129,1
385,334,iron-defense,129,1
385,409,drain-punch,129,1
385,442,iron-head,129,1
385,446,stealth-rock,129,1
385,478,magic-room,0,1
386,7,fire-punch,129,1
386,8,ice-punch,129,1
386,9,thunder-punch,129,1
386,20,bind,0,1
386,67,low-kick,129,1
386,173,snore,129,1
386,196,icy-wind,129,1
386,214,sleep-talk,129,1
386,271,trick,129,1
386,272,role-play,129,1
386,277,magic-coat,129,1
386,278,recycle,129,1
386,285,skill-swap,129,1
386,324,signal-beam,129,1
386,356,gravity,129,1
386,409,drain-punch,129,1
386,446,stealth-rock,129,1
386,472,wonder-room,0,1
387,173,snore,129,1
387,214,sleep-talk,129,1
387,231,iron-tail,129,1
387,431,rock-climb,0,129
387,446,stealth-rock,129,1
388,173,snore,129,1
388,214,sleep-talk,129,1
388,231,iron-tail,129,1
388,431,rock-climb,0,129
388,446,stealth-rock,129,1
389,173,snore,129,1
389,200,outrage,129,1
389,214,sleep-talk,129,1
389,231,iron-tail,129,1
389,335,block,129,1
389,431,rock-climb,0,129
389,442,iron-head,129,1
389,446,stealth-rock,129,1
390,67,low-kick,129,1
390,173,snore,129,1
390,214,sleep-talk,129,1
390,231,iron-tail,129,1
390,253,uproar,129,1
390,272,role-play,129,1
390,283,endeavor,129,1
390,343,covet,0,1
390,431,rock-climb,0,129
390,441,gunk-shot,129,1
390,446,stealth-rock,129,1
391,67,low-kick,129,1
391,173,snore,129,1
391,214,sleep-talk,129,1
391,231,iron-tail,129,1
391,253,uproar,129,1
391,272,role-play,129,1
391,283,endeavor,129,1
391,343,covet,0,1
391,431,rock-climb,0,129
391,441,gunk-shot,129,1
391,446,stealth-rock,129,1
391,530,dual-chop,0,1
392,67,low-kick,129,1
392,173,snore,129,1
392,214,sleep-talk,129,1
392,231,iron-tail,129,1
392,253,uproar,129,1
392,272,role-play,129,1
392,283,endeavor,129,1
392,343,covet,0,1
392,431,rock-climb,0,129
392,441,gunk-shot,129,1
392,446,stealth-rock,129,1
392,530,dual-chop,0,1
393,214,sleep-talk,129,1
393,324,signal-beam,129,1
393,343,covet,0,1
393,446,stealth-rock,129,1
394,214,sleep-talk,129,1
394,324,signal-beam,129,1
394,343,covet,0,1
394,446,stealth-rock,129,1
395,214,sleep-talk,129,1
395,282,knock-off,129,1
395,324,signal-beam,129,1
395,334,iron-defense,129,1
395,343,covet,0,1
395,431,rock-climb,0,129
395,446,stealth-rock,129,1
396,173,snore,129,1
396,214,sleep-talk,129,1
396,257,heat-wave,129,1
396,366,tailwind,129,1
397,173,snore,129,1
397,214,sleep-talk,129,1
397,257,heat-wave,129,1
397,366,tailwind,129,1
398,143,sky-attack,129,1
398,173,snore,129,1
398,214,sleep-talk,129,1
398,257,heat-wave,129,1
398,366,tailwind,129,1
399,173,snore,129,1
399,196,icy-wind,129,1
399,231,iron-tail,129,1
399,343,covet,0,1
399,387,last-resort,129,1
399,446,stealth-rock,129,1
400,173,snore,129,1
400,196,icy-wind,129,1
400,231,iron-tail,129,1
400,343,covet,0,1
400,387,last-resort,129,1
400,431,rock-climb,2,3
400,446,stealth-rock,129,1
401,173,snore,129,1
401,253,uproar,129,1
401,283,endeavor,129,1
402,173,snore,129,1
402,214,sleep-talk,129,1
402,215,heal-bell,0,1
402,253,uproar,129,1
402,282,knock-off,129,1
402,283,endeavor,129,1
402,304,hyper-voice,0,1
403,173,snore,129,1
403,214,sleep-talk,129,1
403,231,iron-tail,129,1
403,393,magnet-rise,129,1
403,555,snarl,0,1
404,173,snore,129,1
404,214,sleep-talk,129,1
404,231,iron-tail,129,1
404,393,magnet-rise,129,1
404,555,snarl,0,1
405,173,snore,129,1
405,214,sleep-talk,129,1
405,231,iron-tail,129,1
405,276,superpower,129,1
405,393,magnet-rise,129,1
405,555,snarl,0,1
406,173,snore,129,1
406,214,sleep-talk,129,1
406,253,uproar,129,1
406,343,covet,0,1
407,173,snore,129,1
407,214,sleep-talk,129,1
407,253,uproar,129,1
407,343,covet,0,1
408,7,fire-punch,129,1
408,9,thunder-punch,129,1
408,173,snore,129,1
408,180,spite,129,1
408,214,sleep-talk,129,1
408,253,uproar,129,1
408,276,superpower,129,1
408,283,endeavor,129,1
408,406,dragon-pulse,129,1
408,414,earth-power,129,1
408,431,rock-climb,0,129
408,446,stealth-rock,129,1
409,7,fire-punch,129,1
409,9,thunder-punch,129,1
409,173,snore,129,1
409,180,spite,129,1
409,200,outrage,129,1
409,214,sleep-talk,129,1
409,220,pain-split,129,1
409,253,uproar,129,1
409,276,superpower,129,1
409,406,dragon-pulse,129,1
409,414,earth-power,129,1
409,431,rock-climb,0,129
409,446,stealth-rock,129,1
410,173,snore,129,1
410,214,sleep-talk,129,1
410,231,iron-tail,129,1
410,393,magnet-rise,129,1
410,414,earth-power,129,1
411,173,snore,129,1
411,200,outrage,129,1
411,214,sleep-talk,129,1
411,231,iron-tail,129,1
411,277,magic-coat,129,1
411,393,magnet-rise,129,1
411,414,earth-power,129,1
412,173,snore,129,1
412,527,electroweb,0,1
413,89,earthquake,0,1
413,90,fissure,0,1
413,91,dig,0,1
413,106,harden,0,1
413,173,snore,129,1
413,189,mud-slap,0,129
413,201,sandstorm,0,1
413,202,giga-drain,129,1
413,205,rollout,0,129
413,214,sleep-talk,129,1
413,235,synthesis,129,1
413,253,uproar,129,1
413,283,endeavor,129,1
413,285,skill-swap,129,1
413,317,rock-tomb,0,1
413,319,metal-sound,0,1
413,324,signal-beam,129,1
413,334,iron-defense,0,1
413,350,rock-blast,0,1
413,360,gyro-ball,0,1
413,388,worry-seed,129,1
413,393,magnet-rise,0,1
413,402,seed-bomb,129,1
413,414,earth-power,0,1
413,429,mirror-shot,0,1
413,430,flash-cannon,0,1
413,441,gunk-shot,0,1
413,442,iron-head,0,1
413,446,stealth-rock,0,1
413,523,bulldoze,0,1
413,527,electroweb,0,1
414,173,snore,129,1
414,202,giga-drain,129,1
414,214,sleep-talk,129,1
414,285,skill-swap,129,1
414,324,signal-beam,129,1
414,355,roost,129,1
414,366,tailwind,129,1
414,527,electroweb,0,1
415,173,snore,129,1
415,283,endeavor,129,1
415,366,tailwind,129,1
415,405,bug-buzz,0,1
416,173,snore,129,1
416,214,sleep-talk,129,1
416,283,endeavor,129,1
416,324,signal-beam,129,1
416,355,roost,129,1
416,366,tailwind,129,1
416,403,air-slash,0,1
416,405,bug-buzz,0,1
417,9,thunder-punch,129,1
417,173,snore,129,1
417,214,sleep-talk,129,1
417,253,uproar,129,1
417,270,helping-hand,129,1
417,343,covet,2,3
417,393,magnet-rise,129,1
417,402,seed-bomb,129,1
417,441,gunk-shot,129,1
418,8,ice-punch,129,1
418,56,hydro-pump,0,1
418,173,snore,129,1
418,196,icy-wind,129,1
418,214,sleep-talk,129,1
418,231,iron-tail,129,1
418,458,double-hit,0,1
419,8,ice-punch,129,1
419,56,hydro-pump,0,1
419,67,low-kick,129,1
419,173,snore,129,1
419,196,icy-wind,129,1
419,214,sleep-talk,129,1
419,231,iron-tail,129,1
419,458,double-hit,0,1
420,173,snore,129,1
420,202,giga-drain,129,1
420,214,sleep-talk,129,1
420,235,synthesis,129,1
421,173,snore,129,1
421,202,giga-drain,129,1
421,214,sleep-talk,129,1
421,235,synthesis,129,1
422,173,snore,129,1
422,196,icy-wind,129,1
422,214,sleep-talk,129,1
422,220,pain-split,129,1
422,414,earth-power,129,1
423,173,snore,129,1
423,196,icy-wind,129,1
423,214,sleep-talk,129,1
423,220,pain-split,129,1
423,335,block,129,1
423,414,earth-power,129,1
424,7,fire-punch,129,1
424,8,ice-punch,129,1
424,9,thunder-punch,129,1
424,67,low-kick,129,1
424,173,snore,129,1
424,214,sleep-talk,129,1
424,231,iron-tail,129,1
424,253,uproar,129,1
424,272,role-play,129,1
424,282,knock-off,129,1
424,289,snatch,129,1
424,343,covet,2,3
424,402,seed-bomb,129,1
424,441,gunk-shot,129,1
424,492,foul-play,0,1
425,20,bind,0,1
425,133,amnesia,0,1
425,173,snore,129,1
425,180,spite,129,1
425,196,icy-wind,129,1
425,214,sleep-talk,129,1
425,220,pain-split,129,1
425,271,trick,129,1
425,277,magic-coat,129,1
425,278,recycle,129,1
425,282,knock-off,129,1
425,285,skill-swap,129,1
425,366,tailwind,129,1
426,20,bind,0,1
426,133,amnesia,0,1
426,173,snore,129,1
426,180,spite,129,1
426,196,icy-wind,129,1
426,214,sleep-talk,129,1
426,220,pain-split,129,1
426,271,trick,129,1
426,277,magic-coat,129,1
426,278,recycle,129,1
426,282,knock-off,129,1
426,285,skill-swap,129,1
426,366,tailwind,129,1
427,7,fire-punch,2,3
427,8,ice-punch,2,3
427,9,thunder-punch,2,3
427,173,snore,129,1
427,214,sleep-talk,129,1
427,215,heal-bell,129,1
427,231,iron-tail,129,1
427,253,uproar,129,1
427,270,helping-hand,129,1
427,277,magic-coat,129,1
427,283,endeavor,129,1
427,304,hyper-voice,0,1
427,343,covet,0,1
427,387,last-resort,129,1
427,409,drain-punch,129,1
428,173,snore,129,1
428,214,sleep-talk,129,1
428,215,heal-bell,129,1
428,231,iron-tail,129,1
428,253,uproar,129,1
428,270,helping-hand,129,1
428,283,endeavor,129,1
428,304,hyper-voice,0,1
428,343,covet,0,1
428,387,last-resort,129,1
428,409,drain-punch,129,1
429,173,snore,129,1
429,196,icy-wind,129,1
429,214,sleep-talk,129,1
429,215,heal-bell,129,1
429,253,uproar,129,1
429,271,trick,129,1
429,277,magic-coat,129,1
429,289,snatch,129,1
429,304,hyper-voice,0,1
429,399,dark-pulse,129,1
429,472,wonder-room,2,3
429,478,magic-room,0,1
429,492,foul-play,0,1
430,180,spite,129,1
430,196,icy-wind,129,1
430,214,sleep-talk,129,1
430,253,uproar,129,1
430,257,heat-wave,129,1
430,276,superpower,129,1
430,289,snatch,129,1
430,555,snarl,0,1
431,162,super-fang,129,1
431,173,snore,129,1
431,214,sleep-talk,129,1
431,231,iron-tail,129,1
431,282,knock-off,129,1
431,304,hyper-voice,0,1
431,343,covet,0,1
431,492,foul-play,0,1
432,162,super-fang,129,1
432,173,snore,129,1
432,214,sleep-talk,129,1
432,231,iron-tail,129,1
432,282,knock-off,129,1
432,304,hyper-voice,0,1
432,343,covet,0,1
432,492,foul-play,0,1
433,20,bind,0,1
433,173,snore,129,1
433,196,icy-wind,129,1
433,214,sleep-talk,129,1
433,215,heal-bell,129,1
433,270,helping-hand,129,1
433,271,trick,129,1
433,277,magic-coat,129,1
433,278,recycle,129,1
433,282,knock-off,129,1
433,289,snatch,129,1
433,304,hyper-voice,0,1
433,324,signal-beam,129,1
433,356,gravity,129,1
433,428,zen-headbutt,129,1
434,173,snore,129,1
434,214,sleep-talk,129,1
434,289,snatch,129,1
434,399,dark-pulse,129,1
434,492,foul-play,2,3
434,555,snarl,0,1
435,173,snore,129,1
435,214,sleep-talk,129,1
435,289,snatch,129,1
435,399,dark-pulse,129,1
435,492,foul-play,2,3
435,555,snarl,0,1
436,149,psywave,0,1
436,173,snore,129,1
436,214,sleep-talk,129,1
436,271,trick,129,1
436,278,recycle,129,1
436,285,skill-swap,129,1
436,319,metal-sound,0,1
436,324,signal-beam,129,1
436,356,gravity,129,1
436,446,stealth-rock,129,1
436,472,wonder-room,0,1
437,149,psywave,0,1
437,173,snore,129,1
437,214,sleep-talk,129,1
437,271,trick,129,1
437,278,recycle,129,1
437,285,skill-swap,129,1
437,319,metal-sound,0,1
437,324,signal-beam,129,1
437,356,gravity,129,1
437,428,zen-headbutt,129,1
437,442,iron-head,129,1
437,446,stealth-rock,129,1
437,472,wonder-room,0,1
438,173,snore,129,1
438,214,sleep-talk,129,1
438,253,uproar,129,1
438,270,helping-hand,129,1
438,272,role-play,129,1
438,343,covet,0,1
438,414,earth-power,129,1
438,492,foul-play,0,1
438,495,after-you,0,1
439,173,snore,129,1
439,196,icy-wind,2,3
439,214,sleep-talk,129,1
439,253,uproar,129,1
439,270,helping-hand,129,1
439,277,magic-coat,129,1
439,285,skill-swap,129,1
439,289,snatch,129,1
439,324,signal-beam,129,1
439,343,covet,0,1
439,409,drain-punch,129,1
439,472,wonder-room,0,1
439,478,magic-room,2,3
440,173,snore,129,1
440,196,icy-wind,129,1
440,214,sleep-talk,129,1
440,253,uproar,129,1
440,278,recycle,129,1
440,283,endeavor,129,1
440,304,hyper-voice,0,1
440,343,covet,0,1
440,409,drain-punch,129,1
440,428,zen-headbutt,129,1
441,143,sky-attack,129,1
441,173,snore,129,1
441,257,heat-wave,129,1
441,272,role-play,129,1
441,366,tailwind,129,1
442,173,snore,129,1
442,196,icy-wind,129,1
442,214,sleep-talk,129,1
442,253,uproar,129,1
442,271,trick,129,1
442,289,snatch,129,1
442,472,wonder-room,0,1
442,492,foul-play,0,1
442,555,snarl,0,1
443,173,snore,129,1
443,214,sleep-talk,129,1
443,231,iron-tail,2,3
443,406,dragon-pulse,129,1
443,414,earth-power,129,1
443,431,rock-climb,2,3
443,446,stealth-rock,129,1
444,173,snore,129,1
444,214,sleep-talk,129,1
444,406,dragon-pulse,129,1
444,414,earth-power,129,1
444,431,rock-climb,2,3
444,446,stealth-rock,129,1
445,173,snore,129,1
445,214,sleep-talk,129,1
445,401,aqua-tail,129,1
445,406,dragon-pulse,129,1
445,414,earth-power,129,1
445,431,rock-climb,2,3
445,446,stealth-rock,129,1
446,7,fire-punch,129,1
446,8,ice-punch,129,1
446,9,thunder-punch,129,1
446,173,snore,129,1
446,196,icy-wind,129,1
446,214,sleep-talk,129,1
446,253,uproar,129,1
446,276,superpower,129,1
446,304,hyper-voice,0,1
446,343,covet,0,1
446,402,seed-bomb,129,1
446,431,rock-climb,0,129
446,441,gunk-shot,129,1
446,495,after-you,2,3
447,8,ice-punch,129,1
447,9,thunder-punch,129,1
447,173,snore,129,1
447,214,sleep-talk,129,1
447,231,iron-tail,129,1
447,270,helping-hand,129,1
447,272,role-play,129,1
447,393,magnet-rise,129,1
447,428,zen-headbutt,129,1
447,530,dual-chop,0,1
448,8,ice-punch,129,1
448,9,thunder-punch,129,1
448,173,snore,129,1
448,214,sleep-talk,129,1
448,231,iron-tail,129,1
448,270,helping-hand,129,1
448,272,role-play,129,1
448,393,magnet-rise,129,1
448,428,zen-headbutt,129,1
448,431,rock-climb,0,129
448,530,dual-chop,0,1
449,173,snore,129,1
449,231,iron-tail,129,1
449,276,superpower,129,1
449,414,earth-power,129,1
449,446,stealth-rock,129,1
450,173,snore,129,1
450,231,iron-tail,129,1
450,276,superpower,129,1
450,414,earth-power,129,1
450,442,iron-head,129,1
450,446,stealth-rock,129,1
451,173,snore,129,1
451,214,sleep-talk,129,1
451,228,pursuit,2,3
451,399,dark-pulse,129,1
451,400,night-slash,2,3
451,401,aqua-tail,129,1
452,173,snore,129,1
452,214,sleep-talk,129,1
452,228,pursuit,2,3
452,399,dark-pulse,129,1
452,400,night-slash,2,3
452,401,aqua-tail,129,1
452,431,rock-climb,0,129
452,555,snarl,0,1
453,8,ice-punch,129,1
453,9,thunder-punch,129,1
453,67,low-kick,129,1
453,162,super-fang,129,1
453,173,snore,129,1
453,180,spite,129,1
453,196,icy-wind,129,1
453,214,sleep-talk,129,1
453,270,helping-hand,129,1
453,272,role-play,129,1
453,282,knock-off,129,1
453,289,snatch,129,1
453,340,bounce,129,1
453,399,dark-pulse,129,1
453,409,drain-punch,2,3
453,431,rock-climb,0,129
453,441,gunk-shot,129,1
453,492,foul-play,0,1
453,530,dual-chop,0,1
454,8,ice-punch,129,1
454,9,thunder-punch,129,1
454,67,low-kick,129,1
454,162,super-fang,129,1
454,173,snore,129,1
454,180,spite,129,1
454,196,icy-wind,129,1
454,214,sleep-talk,129,1
454,270,helping-hand,129,1
454,272,role-play,129,1
454,282,knock-off,129,1
454,289,snatch,129,1
454,340,bounce,129,1
454,399,dark-pulse,129,1
454,409,drain-punch,2,3
454,431,rock-climb,0,129
454,441,gunk-shot,129,1
454,492,foul-play,0,1
454,530,dual-chop,0,1
455,173,snore,129,1
455,214,sleep-talk,129,1
455,282,knock-off,129,1
455,380,gastro-acid,129,1
455,402,seed-bomb,129,1
455,450,bug-bite,129,1
456,173,snore,129,1
456,196,icy-wind,129,1
456,214,sleep-talk,129,1
456,324,signal-beam,2,3
456,366,tailwind,129,1
457,173,snore,129,1
457,196,icy-wind,129,1
457,214,sleep-talk,129,1
457,324,signal-beam,2,3
457,366,tailwind,129,1
458,173,snore,129,1
458,196,icy-wind,129,1
458,214,sleep-talk,129,1
458,270,helping-hand,129,1
458,324,signal-beam,2,3
458,403,air-slash,0,1
458,469,wide-guard,2,3
459,8,ice-punch,129,1
459,173,snore,129,1
459,202,giga-drain,129,1
459,214,sleep-talk,129,1
459,231,iron-tail,129,1
459,235,synthesis,129,1
459,272,role-play,129,1
459,388,worry-seed,129,1
460,173,snore,129,1
460,200,outrage,129,1
460,202,giga-drain,129,1
460,214,sleep-talk,129,1
460,231,iron-tail,129,1
460,235,synthesis,129,1
460,272,role-play,129,1
460,335,block,129,1
460,388,worry-seed,129,1
460,431,rock-climb,0,129
461,67,low-kick,129,1
461,173,snore,129,1
461,214,sleep-talk,129,1
461,231,iron-tail,129,1
461,282,knock-off,129,1
461,289,snatch,129,1
461,386,punishment,2,3
461,492,foul-play,0,1
461,555,snarl,0,1
462,173,snore,129,1
462,214,sleep-talk,129,1
462,277,magic-coat,129,1
462,278,recycle,129,1
462,324,signal-beam,129,1
462,334,iron-defense,129,1
462,356,gravity,129,1
462,442,iron-head,129,1
462,527,electroweb,0,1
463,7,fire-punch,129,1
463,8,ice-punch,129,1
463,9,thunder-punch,129,1
463,20,bind,0,1
463,196,icy-wind,129,1
463,231,iron-tail,129,1
463,335,block,129,1
463,401,aqua-tail,129,1
463,431,rock-climb,0,129
464,7,fire-punch,129,1
464,8,ice-punch,129,1
464,9,thunder-punch,129,1
464,173,snore,129,1
464,180,spite,129,1
464,196,icy-wind,129,1
464,200,outrage,129,1
464,214,sleep-talk,129,1
464,253,uproar,129,1
464,276,superpower,129,1
464,283,endeavor,129,1
464,335,block,129,1
464,401,aqua-tail,129,1
464,406,dragon-pulse,129,1
464,414,earth-power,129,1
464,431,rock-climb,2,3
464,442,iron-head,129,1
464,446,stealth-rock,129,1
465,173,snore,129,1
465,214,sleep-talk,129,1
465,220,pain-split,129,1
465,235,synthesis,129,1
465,283,endeavor,2,3
465,388,worry-seed,129,1
465,402,seed-bomb,129,1
466,173,snore,129,1
466,214,sleep-talk,129,1
466,231,iron-tail,129,1
466,253,uproar,129,1
466,270,helping-hand,129,1
466,324,signal-beam,129,1
466,343,covet,0,1
466,393,magnet-rise,129,1
466,431,rock-climb,0,129
466,527,electroweb,0,1
466,530,dual-chop,0,1
467,67,low-kick,129,1
467,173,snore,129,1
467,214,sleep-talk,129,1
467,253,uproar,129,1
467,257,heat-wave,129,1
467,270,helping-hand,129,1
467,343,covet,0,1
467,431,rock-climb,0,129
467,499,clear-smog,0,1
467,530,dual-chop,0,1
468,173,snore,129,1
468,214,sleep-talk,129,1
468,215,heal-bell,129,1
468,253,uproar,129,1
468,257,heat-wave,129,1
468,271,trick,129,1
468,277,magic-coat,129,1
468,283,endeavor,129,1
468,304,hyper-voice,0,1
468,324,signal-beam,129,1
468,343,covet,0,1
468,355,roost,129,1
468,366,tailwind,129,1
468,409,drain-punch,129,1
468,428,zen-headbutt,129,1
469,173,snore,129,1
469,202,giga-drain,129,1
469,214,sleep-talk,129,1
469,355,roost,129,1
469,366,tailwind,129,1
470,38,double-edge,129,1
470,173,snore,129,1
470,204,charm,2,3
470,214,sleep-talk,129,1
470,215,heal-bell,129,1
470,282,knock-off,129,1
470,304,hyper-voice,0,1
470,343,covet,6,7
470,388,worry-seed,129,1
470,402,seed-bomb,129,1
471,38,double-edge,129,1
471,173,snore,129,1
471,204,charm,2,3
471,214,sleep-talk,129,1
471,215,heal-bell,129,1
471,304,hyper-voice,0,1
471,324,signal-beam,129,1
471,343,covet,6,7
471,401,aqua-tail,129,1
472,143,sky-attack,129,1
472,173,snore,129,1
472,214,sleep-talk,129,1
472,231,iron-tail,129,1
472,327,sky-uppercut,0,1
472,355,roost,129,1
472,366,tailwind,129,1
472,399,dark-pulse,129,1
472,401,aqua-tail,129,1
472,414,earth-power,129,1
472,446,stealth-rock,129,1
472,450,bug-bite,0,1
473,37,thrash,0,1
473,173,snore,129,1
473,175,flail,0,1
473,214,sleep-talk,129,1
473,276,superpower,129,1
473,282,knock-off,129,1
473,283,endeavor,129,1
473,335,block,129,1
473,414,earth-power,129,1
473,431,rock-climb,0,129
473,442,iron-head,129,1
474,173,snore,129,1
474,196,icy-wind,129,1
474,214,sleep-talk,129,1
474,220,pain-split,129,1
474,231,iron-tail,129,1
474,253,uproar,129,1
474,271,trick,129,1
474,356,gravity,129,1
474,387,last-resort,129,1
474,399,dark-pulse,129,1
474,428,zen-headbutt,129,1
474,472,wonder-room,0,1
474,492,foul-play,0,1
474,527,electroweb,0,1
475,7,fire-punch,129,1
475,8,ice-punch,129,1
475,9,thunder-punch,129,1
475,67,low-kick,129,1
475,173,snore,129,1
475,196,icy-wind,129,1
475,214,sleep-talk,129,1
475,220,pain-split,129,1
475,271,trick,129,1
475,277,magic-coat,129,1
475,278,recycle,129,1
475,282,knock-off,129,1
475,289,snatch,129,1
475,304,hyper-voice,0,1
475,324,signal-beam,129,1
475,409,drain-punch,129,1
475,428,zen-headbutt,129,1
475,472,wonder-room,0,1
475,478,magic-room,0,1
475,530,dual-chop,0,1
476,7,fire-punch,129,1
476,8,ice-punch,129,1
476,9,thunder-punch,129,1
476,173,snore,129,1
476,209,spark,0,1
476,214,sleep-talk,129,1
476,220,pain-split,129,1
476,277,magic-coat,129,1
476,350,rock-blast,0,1
476,442,iron-head,129,1
476,457,head-smash,0,2
477,173,snore,129,1
477,180,spite,129,1
477,196,icy-wind,129,1
477,214,sleep-talk,129,1
477,271,trick,129,1
477,289,snatch,129,1
477,472,wonder-room,0,1
478,8,ice-punch,129,1
478,173,snore,129,1
478,180,spite,129,1
478,214,sleep-talk,129,1
478,220,pain-split,129,1
478,271,trick,129,1
478,289,snatch,129,1
478,324,signal-beam,129,1
479,173,snore,129,1
479,180,spite,129,1
479,214,sleep-talk,129,1
479,220,pain-split,129,1
479,289,snatch,129,1
479,324,signal-beam,129,1
479,399,dark-pulse,129,1
479,527,electroweb,0,1
480,7,fire-punch,129,1
480,8,ice-punch,129,1
480,9,thunder-punch,129,1
480,173,snore,129,1
480,202,giga-drain,129,1
480,214,sleep-talk,129,1
480,215,heal-bell,129,1
480,231,iron-tail,129,1
480,270,helping-hand,129,1
480,271,trick,129,1
480,272,role-play,129,1
480,277,magic-coat,129,1
480,278,recycle,129,1
480,282,knock-off,129,1
480,285,skill-swap,129,1
480,324,signal-beam,129,1
480,428,zen-headbutt,129,1
480,446,stealth-rock,129,1
480,472,wonder-room,0,1
480,478,magic-room,0,1
480,492,foul-play,0,1
481,7,fire-punch,129,1
481,8,ice-punch,129,1
481,9,thunder-punch,129,1
481,173,snore,129,1
481,214,sleep-talk,129,1
481,231,iron-tail,129,1
481,270,helping-hand,129,1
481,271,trick,129,1
481,272,role-play,129,1
481,277,magic-coat,129,1
481,278,recycle,129,1
481,282,knock-off,129,1
481,285,skill-swap,129,1
481,324,signal-beam,129,1
481,428,zen-headbutt,129,1
481,446,stealth-rock,129,1
481,472,wonder-room,0,1
481,478,magic-room,0,1
482,7,fire-punch,129,1
482,8,ice-punch,129,1
482,9,thunder-punch,129,1
482,173,snore,129,1
482,214,sleep-talk,129,1
482,231,iron-tail,129,1
482,270,helping-hand,129,1
482,271,trick,129,1
482,272,role-play,129,1
482,277,magic-coat,129,1
482,278,recycle,129,1
482,282,knock-off,129,1
482,285,skill-swap,129,1
482,324,signal-beam,129,1
482,428,zen-headbutt,129,1
482,446,stealth-rock,129,1
482,472,wonder-room,0,1
482,478,magic-room,0,1
483,173,snore,129,1
483,200,outrage,129,1
483,214,sleep-talk,129,1
483,304,hyper-voice,0,1
483,334,iron-defense,129,1
483,356,gravity,129,1
483,393,magnet-rise,129,1
483,406,dragon-pulse,129,1
483,442,iron-head,129,1
483,446,stealth-rock,129,1
484,173,snore,129,1
484,200,outrage,129,1
484,214,sleep-talk,129,1
484,304,hyper-voice,0,1
484,356,gravity,129,1
484,406,dragon-pulse,129,1
485,173,snore,129,1
485,214,sleep-talk,129,1
485,253,uproar,129,1
485,334,iron-defense,129,1
485,399,dark-pulse,129,1
485,406,dragon-pulse,129,1
485,431,rock-climb,0,129
485,446,stealth-rock,129,1
485,450,bug-bite,129,1
486,173,snore,129,1
486,214,sleep-talk,129,1
486,276,superpower,129,1
486,335,block,129,1
486,356,gravity,129,1
486,409,drain-punch,129,1
486,414,earth-power,129,1
486,431,rock-climb,0,129
487,173,snore,129,1
487,180,spite,129,1
487,196,icy-wind,129,1
487,200,outrage,129,1
487,214,sleep-talk,129,1
487,220,pain-split,129,1
487,231,iron-tail,129,1
487,277,magic-coat,129,1
487,304,hyper-voice,0,1
487,356,gravity,129,1
487,366,tailwind,129,1
487,399,dark-pulse,129,1
487,401,aqua-tail,129,1
487,406,dragon-pulse,129,1
487,431,rock-climb,0,129
487,442,iron-head,129,1
488,173,snore,129,1
488,196,icy-wind,129,1
488,214,sleep-talk,129,1
488,270,helping-hand,129,1
488,271,trick,129,1
488,277,magic-coat,129,1
488,278,recycle,129,1
488,285,skill-swap,129,1
488,324,signal-beam,129,1
488,356,gravity,129,1
488,428,zen-headbutt,129,1
488,478,magic-room,0,1
489,173,snore,129,1
489,196,icy-wind,129,1
489,214,sleep-talk,129,1
489,215,heal-bell,129,1
489,253,uproar,129,1
489,270,helping-hand,129,1
489,282,knock-off,129,1
489,324,signal-beam,129,1
489,340,bounce,129,1
489,343,covet,0,1
489,387,last-resort,129,1
490,173,snore,129,1
490,196,icy-wind,129,1
490,214,sleep-talk,129,1
490,215,heal-bell,129,1
490,253,uproar,129,1
490,270,helping-hand,129,1
490,282,knock-off,129,1
490,285,skill-swap,129,1
490,324,signal-beam,129,1
490,340,bounce,129,1
490,343,covet,0,1
490,387,last-resort,129,1
491,173,snore,129,1
491,180,spite,129,1
491,196,icy-wind,129,1
491,214,sleep-talk,129,1
491,271,trick,129,1
491,282,knock-off,129,1
491,289,snatch,129,1
491,387,last-resort,129,1
491,409,drain-punch,129,1
491,431,rock-climb,0,129
491,464,dark-void,5,0
491,472,wonder-room,0,1
491,492,foul-play,0,1
491,555,snarl,0,1
492,173,snore,129,1
492,202,giga-drain,129,1
492,214,sleep-talk,129,1
492,283,endeavor,129,1
492,343,covet,0,1
492,366,tailwind,129,1
492,387,last-resort,129,1
492,402,seed-bomb,129,1
492,414,earth-power,129,1
492,428,zen-headbutt,129,1
493,173,snore,129,1
493,196,icy-wind,129,1
493,200,outrage,129,1
493,202,giga-drain,129,1
493,214,sleep-talk,129,1
493,231,iron-tail,129,1
493,257,heat-wave,129,1
493,271,trick,129,1
493,277,magic-coat,129,1
493,278,recycle,129,1
493,324,signal-beam,129,1
493,334,iron-defense,129,1
493,366,tailwind,129,1
493,387,last-resort,129,1
493,399,dark-pulse,129,1
493,401,aqua-tail,129,1
493,406,dragon-pulse,129,1
493,428,zen-headbutt,129,1
493,431,rock-climb,0,129
493,442,iron-head,129,1
493,446,stealth-rock,129,1
493,555,snarl,0,1
494,7,fire-punch,0,1
494,9,thunder-punch,0,1
494,173,snore,0,1
494,214,sleep-talk,0,1
494,253,uproar,0,1
494,257,heat-wave,0,1
494,270,helping-hand,0,1
494,271,trick,0,1
494,272,role-play,0,1
494,277,magic-coat,0,1
494,285,skill-swap,0,1
494,324,signal-beam,0,1
494,340,bounce,0,1
494,387,last-resort,0,1
495,20,bind,0,1
495,173,snore,0,1
495,214,sleep-talk,0,1
495,231,iron-tail,2,3
495,235,synthesis,0,1
495,282,knock-off,0,1
495,289,snatch,0,1
495,388,worry-seed,0,1
495,401,aqua-tail,0,1
495,402,seed-bomb,0,1
496,20,bind,0,1
496,173,snore,0,1
496,214,sleep-talk,0,1
496,231,iron-tail,2,3
496,235,synthesis,0,1
496,282,knock-off,0,1
496,289,snatch,0,1
496,388,worry-seed,0,1
496,401,aqua-tail,0,1
496,402,seed-bomb,0,1
497,20,bind,0,1
497,173,snore,0,1
497,200,outrage,0,1
497,214,sleep-talk,0,1
497,231,iron-tail,2,3
497,235,synthesis,0,1
497,282,knock-off,0,1
497,289,snatch,0,1
497,388,worry-seed,0,1
497,401,aqua-tail,0,1
497,402,seed-bomb,0,1
497,406,dragon-pulse,0,1
498,173,snore,0,1
498,214,sleep-talk,2,3
498,231,iron-tail,0,1
498,257,heat-wave,0,1
498,270,helping-hand,0,1
498,276,superpower,2,3
498,283,endeavor,2,3
498,343,covet,2,3
499,7,fire-punch,0,1
499,9,thunder-punch,0,1
499,67,low-kick,0,1
499,173,snore,0,1
499,214,sleep-talk,2,3
499,231,iron-tail,0,1
499,257,heat-wave,0,1
499,270,helping-hand,0,1
499,276,superpower,2,3
499,283,endeavor,2,3
499,343,covet,2,3
500,7,fire-punch,0,1
500,9,thunder-punch,0,1
500,67,low-kick,0,1
500,173,snore,0,1
500,214,sleep-talk,2,3
500,231,iron-tail,0,1
500,257,heat-wave,0,1
500,270,helping-hand,0,1
500,276,superpower,2,3
500,283,endeavor,2,3
500,335,block,0,1
500,343,covet,2,3
500,442,iron-head,0,1
501,173,snore,0,1
501,196,icy-wind,0,1
501,214,sleep-talk,0,1
501,231,iron-tail,0,1
501,270,helping-hand,0,1
501,343,covet,0,1
502,173,snore,0,1
502,196,icy-wind,0,1
502,214,sleep-talk,0,1
502,231,iron-tail,0,1
502,270,helping-hand,0,1
502,343,covet,0,1
503,173,snore,0,1
503,196,icy-wind,0,1
503,214,sleep-talk,0,1
503,231,iron-tail,0,1
503,270,helping-hand,0,1
503,276,superpower,0,1
503,282,knock-off,0,1
503,335,block,0,1
503,343,covet,0,1
504,67,low-kick,0,1
504,173,snore,0,1
504,214,sleep-talk,0,1
504,231,iron-tail,2,3
504,270,helping-hand,0,1
504,283,endeavor,0,1
504,343,covet,0,1
504,387,last-resort,0,1
504,401,aqua-tail,0,1
504,402,seed-bomb,0,1
504,428,zen-headbutt,0,1
504,441,gunk-shot,0,1
505,7,fire-punch,0,1
505,8,ice-punch,0,1
505,9,thunder-punch,0,1
505,173,snore,0,1
505,214,sleep-talk,0,1
505,231,iron-tail,2,3
505,270,helping-hand,0,1
505,282,knock-off,0,1
505,283,endeavor,0,1
505,324,signal-beam,0,1
505,343,covet,0,1
505,387,last-resort,0,1
505,401,aqua-tail,0,1
505,402,seed-bomb,0,1
505,428,zen-headbutt,0,1
505,441,gunk-shot,0,1
506,173,snore,0,1
506,214,sleep-talk,0,1
506,253,uproar,0,1
506,304,hyper-voice,0,1
506,343,covet,0,1
506,555,snarl,0,1
507,173,snore,0,1
507,214,sleep-talk,0,1
507,253,uproar,0,1
507,304,hyper-voice,0,1
507,343,covet,0,1
507,555,snarl,0,1
508,173,snore,0,1
508,214,sleep-talk,0,1
508,253,uproar,0,1
508,276,superpower,0,1
508,304,hyper-voice,0,1
508,343,covet,0,1
508,442,iron-head,0,1
508,555,snarl,0,1
509,173,snore,0,1
509,180,spite,0,1
509,214,sleep-talk,0,1
509,231,iron-tail,0,1
509,271,trick,0,1
509,272,role-play,0,1
509,282,knock-off,0,1
509,304,hyper-voice,0,1
509,343,covet,2,3
509,369,u-turn,0,1
509,399,dark-pulse,0,1
509,402,seed-bomb,0,1
509,441,gunk-shot,0,1
509,492,foul-play,2,3
509,555,snarl,0,1
510,173,snore,0,1
510,180,spite,0,1
510,214,sleep-talk,0,1
510,231,iron-tail,0,1
510,271,trick,0,1
510,272,role-play,0,1
510,282,knock-off,0,1
510,304,hyper-voice,0,1
510,343,covet,2,3
510,369,u-turn,0,1
510,399,dark-pulse,0,1
510,402,seed-bomb,0,1
510,441,gunk-shot,0,1
510,492,foul-play,2,3
510,555,snarl,0,1
511,67,low-kick,2,3
511,173,snore,0,1
511,202,giga-drain,0,1
511,214,sleep-talk,0,1
511,231,iron-tail,0,1
511,235,synthesis,0,1
511,253,uproar,0,1
511,270,helping-hand,0,1
511,272,role-play,2,3
511,282,knock-off,0,1
511,283,endeavor,0,1
511,343,covet,2,3
511,388,worry-seed,0,1
511,441,gunk-shot,0,1
512,67,low-kick,2,3
512,173,snore,0,1
512,202,giga-drain,0,1
512,214,sleep-talk,0,1
512,231,iron-tail,0,1
512,235,synthesis,0,1
512,253,uproar,0,1
512,270,helping-hand,0,1
512,272,role-play,2,3
512,276,superpower,0,1
512,282,knock-off,0,1
512,283,endeavor,0,1
512,343,covet,2,3
512,388,worry-seed,0,1
512,441,gunk-shot,0,1
513,7,fire-punch,2,3
513,67,low-kick,2,3
513,173,snore,0,1
513,214,sleep-talk,2,3
513,231,iron-tail,0,1
513,253,uproar,0,1
513,257,heat-wave,2,3
513,270,helping-hand,0,1
513,272,role-play,2,3
513,282,knock-off,0,1
513,283,endeavor,0,1
513,343,covet,2,3
513,441,gunk-shot,0,1
514,7,fire-punch,2,3
514,67,low-kick,2,3
514,173,snore,0,1
514,214,sleep-talk,2,3
514,231,iron-tail,0,1
514,253,uproar,0,1
514,257,heat-wave,2,3
514,270,helping-hand,0,1
514,272,role-play,2,3
514,276,superpower,0,1
514,282,knock-off,0,1
514,283,endeavor,0,1
514,343,covet,2,3
514,441,gunk-shot,0,1
515,8,ice-punch,0,1
515,67,low-kick,2,3
515,173,snore,0,1
515,196,icy-wind,0,1
515,214,sleep-talk,0,1
515,231,iron-tail,0,1
515,253,uproar,0,1
515,270,helping-hand,0,1
515,272,role-play,2,3
515,282,knock-off,0,1
515,283,endeavor,0,1
515,343,covet,2,3
515,401,aqua-tail,2,3
515,441,gunk-shot,0,1
516,8,ice-punch,0,1
516,67,low-kick,2,3
516,173,snore,0,1
516,196,icy-wind,0,1
516,214,sleep-talk,0,1
516,231,iron-tail,0,1
516,253,uproar,0,1
516,270,helping-hand,0,1
516,272,role-play,2,3
516,276,superpower,0,1
516,282,knock-off,0,1
516,283,endeavor,0,1
516,343,covet,2,3
516,401,aqua-tail,2,3
516,441,gunk-shot,0,1
517,173,snore,0,1
517,214,sleep-talk,2,3
517,215,heal-bell,0,1
517,220,pain-split,0,1
517,270,helping-hand,2,3
517,271,trick,0,1
517,277,magic-coat,2,3
517,285,skill-swap,0,1
517,324,signal-beam,0,1
517,356,gravity,0,1
517,388,worry-seed,0,1
517,472,wonder-room,0,1
517,495,after-you,0,1
518,173,snore,0,1
518,214,sleep-talk,2,3
518,215,heal-bell,0,1
518,220,pain-split,0,1
518,270,helping-hand,2,3
518,271,trick,0,1
518,277,magic-coat,2,3
518,285,skill-swap,0,1
518,324,signal-beam,0,1
518,356,gravity,0,1
518,388,worry-seed,0,1
518,472,wonder-room,0,1
518,495,after-you,0,1
519,173,snore,0,1
519,214,sleep-talk,0,1
519,253,uproar,2,3
519,257,heat-wave,0,1
520,173,snore,0,1
520,214,sleep-talk,0,1
520,253,uproar,2,3
520,257,heat-wave,0,1
521,173,snore,0,1
521,214,sleep-talk,0,1
521,253,uproar,2,3
521,257,heat-wave,0,1
522,173,snore,0,1
522,214,sleep-talk,0,1
522,324,signal-beam,0,1
522,340,bounce,0,1
522,393,magnet-rise,0,1
523,173,snore,0,1
523,214,sleep-talk,0,1
523,324,signal-beam,0,1
523,340,bounce,0,1
523,393,magnet-rise,0,1
524,173,snore,0,1
524,214,sleep-talk,0,1
524,335,block,0,1
524,356,gravity,2,3
524,414,earth-power,0,1
525,173,snore,0,1
525,214,sleep-talk,0,1
525,335,block,0,1
525,356,gravity,2,3
525,414,earth-power,0,1
526,173,snore,0,1
526,214,sleep-talk,0,1
526,276,superpower,0,1
526,335,block,0,1
526,356,gravity,2,3
526,414,earth-power,0,1
526,442,iron-head,0,1
527,162,super-fang,0,1
527,173,snore,0,1
527,202,giga-drain,0,1
527,214,sleep-talk,0,1
527,253,uproar,0,1
527,257,heat-wave,0,1
527,270,helping-hand,2,3
527,271,trick,0,1
527,277,magic-coat,0,1
527,282,knock-off,2,3
527,285,skill-swap,0,1
527,324,signal-beam,0,1
527,355,roost,2,3
527,366,tailwind,0,1
527,428,zen-headbutt,0,1
527,495,after-you,0,1
528,143,sky-attack,0,1
528,162,super-fang,0,1
528,173,snore,0,1
528,202,giga-drain,0,1
528,214,sleep-talk,0,1
528,253,uproar,0,1
528,257,heat-wave,0,1
528,270,helping-hand,2,3
528,271,trick,0,1
528,277,magic-coat,0,1
528,282,knock-off,2,3
528,285,skill-swap,0,1
528,324,signal-beam,0,1
528,355,roost,2,3
528,366,tailwind,0,1
528,428,zen-headbutt,0,1
528,495,after-you,0,1
529,173,snore,0,1
529,214,sleep-talk,0,1
529,334,iron-defense,2,3
529,414,earth-power,2,3
529,446,stealth-rock,0,1
530,173,snore,0,1
530,214,sleep-talk,0,1
530,334,iron-defense,2,3
530,393,magnet-rise,0,1
530,414,earth-power,2,3
530,442,iron-head,0,1
530,446,stealth-rock,0,1
531,7,fire-punch,0,1
531,8,ice-punch,0,1
531,9,thunder-punch,0,1
531,67,low-kick,0,1
531,173,snore,0,1
531,196,icy-wind,0,1
531,214,sleep-talk,2,3
531,215,heal-bell,2,3
531,220,pain-split,0,1
531,231,iron-tail,0,1
531,253,uproar,0,1
531,272,role-play,0,1
531,277,magic-coat,0,1
531,282,knock-off,0,1
531,285,skill-swap,0,1
531,289,snatch,0,1
531,304,hyper-voice,0,1
531,324,signal-beam,0,1
531,343,covet,0,1
531,356,gravity,0,1
531,409,drain-punch,0,1
531,428,zen-headbutt,0,1
532,7,fire-punch,0,1
532,8,ice-punch,0,1
532,9,thunder-punch,0,1
532,173,snore,0,1
532,214,sleep-talk,0,1
532,270,helping-hand,0,1
532,282,knock-off,0,1
532,335,block,0,1
532,409,drain-punch,2,3
533,7,fire-punch,0,1
533,8,ice-punch,0,1
533,9,thunder-punch,0,1
533,173,snore,0,1
533,214,sleep-talk,0,1
533,270,helping-hand,0,1
533,282,knock-off,0,1
533,335,block,0,1
533,409,drain-punch,2,3
534,7,fire-punch,0,1
534,8,ice-punch,0,1
534,9,thunder-punch,0,1
534,173,snore,0,1
534,214,sleep-talk,0,1
534,270,helping-hand,0,1
534,282,knock-off,0,1
534,335,block,0,1
534,409,drain-punch,2,3
535,173,snore,2,3
535,196,icy-wind,0,1
535,214,sleep-talk,2,3
535,283,endeavor,0,1
535,340,bounce,0,1
535,414,earth-power,2,3
536,173,snore,2,3
536,196,icy-wind,0,1
536,214,sleep-talk,2,3
536,283,endeavor,0,1
536,340,bounce,0,1
536,380,gastro-acid,0,1
536,414,earth-power,2,3
536,446,stealth-rock,0,1
537,8,ice-punch,0,1
537,67,low-kick,0,1
537,173,snore,2,3
537,196,icy-wind,0,1
537,214,sleep-talk,2,3
537,282,knock-off,0,1
537,283,endeavor,0,1
537,340,bounce,0,1
537,380,gastro-acid,0,1
537,414,earth-power,2,3
537,446,stealth-rock,0,1
538,7,fire-punch,0,1
538,8,ice-punch,0,1
538,9,thunder-punch,0,1
538,67,low-kick,0,1
538,173,snore,0,1
538,214,sleep-talk,0,1
538,220,pain-split,0,1
538,270,helping-hand,0,1
538,282,knock-off,0,1
538,335,block,0,1
539,7,fire-punch,0,1
539,8,ice-punch,0,1
539,9,thunder-punch,0,1
539,67,low-kick,0,1
539,173,snore,0,1
539,214,sleep-talk,0,1
539,220,pain-split,0,1
539,270,helping-hand,0,1
539,276,superpower,0,1
539,282,knock-off,0,1
539,335,block,0,1
539,530,dual-chop,0,1
540,173,snore,0,1
540,202,giga-drain,0,1
540,214,sleep-talk,0,1
540,235,synthesis,0,1
540,277,magic-coat,0,1
540,324,signal-beam,0,1
540,334,iron-defense,0,1
540,388,worry-seed,0,1
540,402,seed-bomb,0,1
540,527,electroweb,0,1
541,173,snore,0,1
541,202,giga-drain,0,1
541,214,sleep-talk,0,1
541,235,synthesis,0,1
541,277,magic-coat,0,1
541,324,signal-beam,0,1
541,334,iron-defense,0,1
541,388,worry-seed,0,1
541,402,seed-bomb,0,1
541,527,electroweb,0,1
542,173,snore,0,1
542,202,giga-drain,0,1
542,214,sleep-talk,0,1
542,215,heal-bell,0,1
542,235,synthesis,0,1
542,277,magic-coat,0,1
542,282,knock-off,0,1
542,324,signal-beam,0,1
542,334,iron-defense,0,1
542,388,worry-seed,0,1
542,402,seed-bomb,0,1
542,527,electroweb,0,1
543,173,snore,0,1
543,214,sleep-talk,0,1
543,283,endeavor,0,1
543,334,iron-defense,0,1
544,173,snore,0,1
544,214,sleep-talk,0,1
544,283,endeavor,0,1
545,173,snore,0,1
545,214,sleep-talk,0,1
545,231,iron-tail,0,1
545,276,superpower,0,1
545,283,endeavor,0,1
545,289,snatch,0,1
545,401,aqua-tail,0,1
546,173,snore,0,1
546,214,sleep-talk,0,1
546,282,knock-off,0,1
546,343,covet,0,1
546,366,tailwind,0,1
546,388,worry-seed,2,3
546,402,seed-bomb,0,1
547,173,snore,0,1
547,214,sleep-talk,0,1
547,282,knock-off,0,1
547,343,covet,0,1
547,388,worry-seed,2,3
547,402,seed-bomb,0,1
548,173,snore,0,1
548,214,sleep-talk,0,1
548,215,heal-bell,0,1
548,343,covet,0,1
548,388,worry-seed,2,3
548,402,seed-bomb,0,1
549,173,snore,0,1
549,214,sleep-talk,0,1
549,215,heal-bell,0,1
549,272,role-play,0,1
549,343,covet,0,1
549,388,worry-seed,2,3
549,402,seed-bomb,0,1
550,173,snore,0,1
550,196,icy-wind,0,1
550,214,sleep-talk,0,1
550,276,superpower,0,1
550,283,endeavor,0,1
550,340,bounce,0,1
550,428,zen-headbutt,0,1
551,173,snore,0,1
551,180,spite,0,1
551,214,sleep-talk,0,1
551,231,iron-tail,0,1
551,253,uproar,2,3
551,289,snatch,0,1
551,399,dark-pulse,0,1
551,401,aqua-tail,0,1
551,414,earth-power,0,1
551,446,stealth-rock,0,1
551,555,snarl,0,1
552,67,low-kick,0,1
552,173,snore,0,1
552,180,spite,0,1
552,214,sleep-talk,0,1
552,231,iron-tail,0,1
552,253,uproar,2,3
552,282,knock-off,0,1
552,289,snatch,0,1
552,399,dark-pulse,0,1
552,401,aqua-tail,0,1
552,414,earth-power,0,1
552,446,stealth-rock,0,1
552,555,snarl,0,1
553,67,low-kick,0,1
553,173,snore,0,1
553,180,spite,0,1
553,214,sleep-talk,0,1
553,231,iron-tail,0,1
553,253,uproar,2,3
553,276,superpower,0,1
553,282,knock-off,0,1
553,289,snatch,0,1
553,335,block,0,1
553,399,dark-pulse,0,1
553,401,aqua-tail,0,1
553,406,dragon-pulse,0,1
553,414,earth-power,0,1
553,446,stealth-rock,0,1
553,555,snarl,0,1
554,173,snore,0,1
554,214,sleep-talk,2,3
554,257,heat-wave,0,1
554,283,endeavor,0,1
554,428,zen-headbutt,0,1
555,173,snore,0,1
555,214,sleep-talk,2,3
555,257,heat-wave,0,1
555,283,endeavor,0,1
555,428,zen-headbutt,0,1
556,173,snore,0,1
556,214,sleep-talk,0,1
556,253,uproar,0,1
556,270,helping-hand,0,1
556,282,knock-off,0,1
556,283,endeavor,0,1
556,304,hyper-voice,0,1
556,340,bounce,2,3
556,388,worry-seed,2,3
556,402,seed-bomb,2,3
556,409,drain-punch,0,1
557,173,snore,0,1
557,214,sleep-talk,0,1
557,282,knock-off,0,1
557,334,iron-defense,2,3
557,335,block,2,3
558,173,snore,0,1
558,214,sleep-talk,0,1
558,282,knock-off,0,1
558,334,iron-defense,2,3
558,335,block,2,3
559,7,fire-punch,2,3
559,8,ice-punch,2,3
559,9,thunder-punch,2,3
559,162,super-fang,0,1
559,173,snore,0,1
559,180,spite,0,1
559,214,sleep-talk,0,1
559,231,iron-tail,0,1
559,282,knock-off,0,1
559,289,snatch,0,1
559,334,iron-defense,0,1
559,399,dark-pulse,0,1
559,406,dragon-pulse,0,1
559,409,drain-punch,2,3
559,428,zen-headbutt,2,3
559,442,iron-head,0,1
559,492,foul-play,0,1
559,530,dual-chop,0,1
559,555,snarl,0,1
560,7,fire-punch,2,3
560,8,ice-punch,2,3
560,9,thunder-punch,2,3
560,162,super-fang,0,1
560,173,snore,0,1
560,180,spite,0,1
560,200,outrage,0,1
560,214,sleep-talk,0,1
560,231,iron-tail,0,1
560,282,knock-off,0,1
560,289,snatch,0,1
560,334,iron-defense,0,1
560,399,dark-pulse,0,1
560,406,dragon-pulse,0,1
560,409,drain-punch,2,3
560,428,zen-headbutt,2,3
560,442,iron-head,0,1
560,492,foul-play,0,1
560,530,dual-chop,0,1
560,555,snarl,0,1
561,173,snore,0,1
561,196,icy-wind,0,1
561,214,sleep-talk,0,1
561,257,heat-wave,0,1
561,271,trick,0,1
561,277,magic-coat,0,1
561,285,skill-swap,2,3
561,324,signal-beam,0,1
561,355,roost,2,3
561,399,dark-pulse,0,1
561,428,zen-headbutt,0,1
561,478,magic-room,0,1
562,173,snore,0,1
562,180,spite,0,1
562,214,sleep-talk,0,1
562,220,pain-split,0,1
562,271,trick,0,1
562,272,role-play,0,1
562,277,magic-coat,0,1
562,282,knock-off,0,1
562,285,skill-swap,0,1
562,289,snatch,0,1
562,334,iron-defense,0,1
562,335,block,0,1
562,399,dark-pulse,0,1
562,472,wonder-room,0,1
562,495,after-you,0,1
563,173,snore,0,1
563,180,spite,0,1
563,214,sleep-talk,0,1
563,220,pain-split,0,1
563,271,trick,0,1
563,272,role-play,0,1
563,277,magic-coat,0,1
563,282,knock-off,0,1
563,285,skill-swap,0,1
563,289,snatch,0,1
563,334,iron-defense,0,1
563,335,block,0,1
563,399,dark-pulse,0,1
563,472,wonder-room,0,1
563,495,after-you,0,1
564,173,snore,0,1
564,196,icy-wind,0,1
564,214,sleep-talk,0,1
564,231,iron-tail,0,1
564,334,iron-defense,2,3
564,335,block,0,1
564,414,earth-power,0,1
564,446,stealth-rock,0,1
565,67,low-kick,0,1
565,173,snore,0,1
565,196,icy-wind,0,1
565,214,sleep-talk,0,1
565,231,iron-tail,0,1
565,276,superpower,0,1
565,334,iron-defense,2,3
565,335,block,0,1
565,414,earth-power,0,1
565,442,iron-head,0,1
565,446,stealth-rock,0,1
566,173,snore,0,1
566,214,sleep-talk,0,1
566,231,iron-tail,0,1
566,253,uproar,0,1
566,257,heat-wave,0,1
566,334,iron-defense,0,1
566,340,bounce,0,1
566,355,roost,0,1
566,366,tailwind,0,1
566,401,aqua-tail,0,1
566,406,dragon-pulse,2,3
566,414,earth-power,2,3
566,446,stealth-rock,0,1
567,143,sky-attack,0,1
567,173,snore,0,1
567,200,outrage,0,1
567,214,sleep-talk,0,1
567,231,iron-tail,0,1
567,253,uproar,0,1
567,257,heat-wave,0,1
567,334,iron-defense,0,1
567,340,bounce,0,1
567,355,roost,0,1
567,366,tailwind,0,1
567,401,aqua-tail,0,1
567,406,dragon-pulse,2,3
567,414,earth-power,2,3
567,446,stealth-rock,0,1
568,173,snore,0,1
568,180,spite,0,1
568,202,giga-drain,0,1
568,214,sleep-talk,0,1
568,220,pain-split,0,1
568,399,dark-pulse,0,1
568,402,seed-bomb,0,1
568,409,drain-punch,0,1
569,173,snore,0,1
569,180,spite,0,1
569,202,giga-drain,0,1
569,214,sleep-talk,0,1
569,220,pain-split,0,1
569,399,dark-pulse,0,1
569,402,seed-bomb,0,1
569,409,drain-punch,0,1
570,173,snore,0,1
570,180,spite,0,1
570,214,sleep-talk,0,1
570,253,uproar,0,1
570,271,trick,0,1
570,282,knock-off,0,1
570,289,snatch,2,3
570,304,hyper-voice,0,1
570,340,bounce,0,1
570,343,covet,0,1
570,399,dark-pulse,2,3
570,555,snarl,0,1
571,67,low-kick,0,1
571,173,snore,0,1
571,180,spite,0,1
571,214,sleep-talk,0,1
571,253,uproar,0,1
571,271,trick,0,1
571,282,knock-off,0,1
571,289,snatch,2,3
571,304,hyper-voice,0,1
571,340,bounce,0,1
571,343,covet,0,1
571,399,dark-pulse,2,3
571,555,snarl,0,1
572,173,snore,0,1
572,214,sleep-talk,2,3
572,231,iron-tail,2,3
572,253,uproar,0,1
572,282,knock-off,2,3
572,343,covet,0,1
572,401,aqua-tail,2,3
572,402,seed-bomb,0,1
572,441,gunk-shot,0,1
573,173,snore,0,1
573,214,sleep-talk,2,3
573,231,iron-tail,2,3
573,253,uproar,0,1
573,282,knock-off,2,3
573,343,covet,0,1
573,401,aqua-tail,2,3
573,402,seed-bomb,0,1
573,441,gunk-shot,0,1
574,173,snore,0,1
574,214,sleep-talk,0,1
574,215,heal-bell,0,1
574,253,uproar,2,3
574,270,helping-hand,0,1
574,271,trick,0,1
574,272,role-play,0,1
574,277,magic-coat,0,1
574,278,recycle,0,1
574,285,skill-swap,0,1
574,289,snatch,0,1
574,324,signal-beam,0,1
574,343,covet,0,1
574,356,gravity,0,1
574,428,zen-headbutt,0,1
574,492,foul-play,0,1
575,173,snore,0,1
575,214,sleep-talk,0,1
575,215,heal-bell,0,1
575,253,uproar,2,3
575,270,helping-hand,0,1
575,271,trick,0,1
575,272,role-play,0,1
575,277,magic-coat,0,1
575,278,recycle,0,1
575,285,skill-swap,0,1
575,289,snatch,0,1
575,324,signal-beam,0,1
575,343,covet,0,1
575,356,gravity,0,1
575,428,zen-headbutt,0,1
575,492,foul-play,0,1
576,173,snore,0,1
576,214,sleep-talk,0,1
576,215,heal-bell,0,1
576,253,uproar,2,3
576,270,helping-hand,0,1
576,271,trick,0,1
576,272,role-play,0,1
576,277,magic-coat,0,1
576,278,recycle,0,1
576,285,skill-swap,0,1
576,289,snatch,0,1
576,324,signal-beam,0,1
576,343,covet,0,1
576,356,gravity,0,1
576,428,zen-headbutt,0,1
576,492,foul-play,0,1
577,173,snore,0,1
577,214,sleep-talk,0,1
577,271,trick,2,3
577,272,role-play,0,1
577,277,magic-coat,0,1
577,324,signal-beam,0,1
577,356,gravity,0,1
577,428,zen-headbutt,0,1
577,495,after-you,0,1
578,173,snore,0,1
578,214,sleep-talk,0,1
578,271,trick,2,3
578,272,role-play,0,1
578,277,magic-coat,0,1
578,324,signal-beam,0,1
578,356,gravity,0,1
578,428,zen-headbutt,0,1
578,495,after-you,0,1
579,7,fire-punch,0,1
579,8,ice-punch,0,1
579,9,thunder-punch,0,1
579,173,snore,0,1
579,214,sleep-talk,0,1
579,270,helping-hand,0,1
579,271,trick,2,3
579,272,role-play,0,1
579,276,superpower,0,1
579,277,magic-coat,0,1
579,282,knock-off,0,1
579,324,signal-beam,0,1
579,356,gravity,0,1
579,409,drain-punch,0,1
579,428,zen-headbutt,0,1
579,495,after-you,0,1
580,173,snore,0,1
580,196,icy-wind,0,1
580,214,sleep-talk,0,1
580,253,uproar,0,1
580,283,endeavor,0,1
581,143,sky-attack,0,1
581,173,snore,0,1
581,196,icy-wind,0,1
581,214,sleep-talk,0,1
581,253,uproar,0,1
581,283,endeavor,0,1
582,173,snore,0,1
582,214,sleep-talk,0,1
582,277,magic-coat,0,1
582,324,signal-beam,0,1
582,334,iron-defense,2,3
582,393,magnet-rise,2,3
583,173,snore,0,1
583,214,sleep-talk,0,1
583,277,magic-coat,0,1
583,324,signal-beam,0,1
583,334,iron-defense,2,3
583,393,magnet-rise,2,3
584,173,snore,0,1
584,214,sleep-talk,0,1
584,277,magic-coat,0,1
584,324,signal-beam,0,1
584,334,iron-defense,2,3
584,393,magnet-rise,2,3
585,173,snore,0,1
585,202,giga-drain,0,1
585,214,sleep-talk,2,3
585,235,synthesis,2,3
585,340,bounce,0,1
585,387,last-resort,0,1
585,388,worry-seed,2,3
585,402,seed-bomb,0,1
586,173,snore,0,1
586,202,giga-drain,0,1
586,214,sleep-talk,2,3
586,235,synthesis,2,3
586,340,bounce,0,1
586,387,last-resort,0,1
586,388,worry-seed,2,3
586,402,seed-bomb,0,1
587,173,snore,0,1
587,214,sleep-talk,0,1
587,231,iron-tail,2,3
587,270,helping-hand,0,1
587,282,knock-off,0,1
587,324,signal-beam,0,1
587,343,covet,2,3
587,355,roost,2,3
587,366,tailwind,0,1
587,387,last-resort,0,1
588,173,snore,0,1
588,202,giga-drain,0,1
588,214,sleep-talk,0,1
588,282,knock-off,2,3
588,334,iron-defense,0,1
588,450,bug-bite,2,3
589,173,snore,0,1
589,202,giga-drain,0,1
589,214,sleep-talk,0,1
589,282,knock-off,2,3
589,450,bug-bite,2,3
590,173,snore,0,1
590,214,sleep-talk,0,1
590,380,gastro-acid,2,3
590,388,worry-seed,0,1
590,402,seed-bomb,0,1
590,492,foul-play,0,1
590,495,after-you,0,1
591,173,snore,0,1
591,214,sleep-talk,0,1
591,380,gastro-acid,2,3
591,388,worry-seed,0,1
591,402,seed-bomb,0,1
591,492,foul-play,0,1
591,495,after-you,0,1
592,20,bind,0,1
592,173,snore,0,1
592,180,spite,0,1
592,196,icy-wind,0,1
592,202,giga-drain,0,1
592,214,sleep-talk,0,1
592,220,pain-split,2,3
592,271,trick,0,1
592,277,magic-coat,0,1
592,399,dark-pulse,0,1
593,20,bind,0,1
593,173,snore,0,1
593,180,spite,0,1
593,196,icy-wind,0,1
593,202,giga-drain,0,1
593,214,sleep-talk,0,1
593,220,pain-split,2,3
593,271,trick,0,1
593,277,magic-coat,0,1
593,399,dark-pulse,0,1
594,173,snore,0,1
594,196,icy-wind,0,1
594,214,sleep-talk,0,1
594,220,pain-split,2,3
594,277,magic-coat,0,1
594,282,knock-off,0,1
594,340,bounce,0,1
595,173,snore,0,1
595,202,giga-drain,0,1
595,214,sleep-talk,0,1
595,340,bounce,0,1
595,393,magnet-rise,0,1
596,173,snore,0,1
596,202,giga-drain,0,1
596,214,sleep-talk,0,1
596,340,bounce,0,1
596,393,magnet-rise,0,1
597,173,snore,0,1
597,202,giga-drain,0,1
597,214,sleep-talk,0,1
597,283,endeavor,0,1
597,356,gravity,2,3
597,388,worry-seed,2,3
597,393,magnet-rise,0,1
597,402,seed-bomb,2,3
597,446,stealth-rock,2,3
598,173,snore,0,1
598,202,giga-drain,0,1
598,214,sleep-talk,0,1
598,282,knock-off,0,1
598,283,endeavor,0,1
598,356,gravity,2,3
598,388,worry-seed,2,3
598,393,magnet-rise,0,1
598,402,seed-bomb,2,3
598,446,stealth-rock,2,3
599,173,snore,0,1
599,214,sleep-talk,0,1
599,253,uproar,0,1
599,277,magic-coat,0,1
599,278,recycle,0,1
599,324,signal-beam,0,1
599,334,iron-defense,0,1
599,356,gravity,0,1
599,393,magnet-rise,0,1
599,528,wild-charge,0,1
600,173,snore,0,1
600,214,sleep-talk,0,1
600,253,uproar,0,1
600,277,magic-coat,0,1
600,278,recycle,0,1
600,324,signal-beam,0,1
600,334,iron-defense,0,1
600,356,gravity,0,1
600,393,magnet-rise,0,1
600,528,wild-charge,0,1
601,173,snore,0,1
601,214,sleep-talk,0,1
601,253,uproar,0,1
601,277,magic-coat,0,1
601,278,recycle,0,1
601,324,signal-beam,0,1
601,334,iron-defense,0,1
601,356,gravity,0,1
601,393,magnet-rise,0,1
601,528,wild-charge,0,1
602,393,magnet-rise,0,1
603,162,super-fang,0,1
603,173,snore,0,1
603,202,giga-drain,0,1
603,214,sleep-talk,0,1
603,231,iron-tail,0,1
603,282,knock-off,0,1
603,324,signal-beam,0,1
603,340,bounce,0,1
603,393,magnet-rise,0,1
603,401,aqua-tail,0,1
604,7,fire-punch,0,1
604,9,thunder-punch,0,1
604,162,super-fang,0,1
604,173,snore,0,1
604,202,giga-drain,0,1
604,214,sleep-talk,0,1
604,231,iron-tail,0,1
604,276,superpower,0,1
604,282,knock-off,0,1
604,324,signal-beam,0,1
604,340,bounce,0,1
604,393,magnet-rise,0,1
604,401,aqua-tail,0,1
604,409,drain-punch,0,1
605,173,snore,0,1
605,214,sleep-talk,0,1
605,220,pain-split,0,1
605,253,uproar,0,1
605,271,trick,0,1
605,272,role-play,0,1
605,277,magic-coat,0,1
605,278,recycle,0,1
605,285,skill-swap,2,3
605,289,snatch,0,1
605,324,signal-beam,0,1
605,356,gravity,0,1
605,399,dark-pulse,0,1
605,495,after-you,0,1
606,173,snore,0,1
606,214,sleep-talk,0,1
606,220,pain-split,0,1
606,253,uproar,0,1
606,271,trick,0,1
606,272,role-play,0,1
606,277,magic-coat,0,1
606,278,recycle,0,1
606,285,skill-swap,2,3
606,289,snatch,0,1
606,324,signal-beam,0,1
606,356,gravity,0,1
606,399,dark-pulse,0,1
606,495,after-you,0,1
607,173,snore,0,1
607,180,spite,0,1
607,214,sleep-talk,0,1
607,257,heat-wave,2,3
607,271,trick,0,1
607,399,dark-pulse,0,1
608,173,snore,0,1
608,180,spite,0,1
608,214,sleep-talk,0,1
608,257,heat-wave,2,3
608,271,trick,0,1
608,399,dark-pulse,0,1
609,173,snore,0,1
609,180,spite,0,1
609,214,sleep-talk,0,1
609,257,heat-wave,2,3
609,271,trick,0,1
609,399,dark-pulse,0,1
610,173,snore,0,1
610,214,sleep-talk,0,1
610,231,iron-tail,2,3
610,276,superpower,0,1
610,283,endeavor,2,3
610,401,aqua-tail,0,1
611,67,low-kick,0,1
611,173,snore,0,1
611,214,sleep-talk,0,1
611,231,iron-tail,2,3
611,276,superpower,0,1
611,283,endeavor,2,3
611,401,aqua-tail,0,1
612,67,low-kick,0,1
612,173,snore,0,1
612,214,sleep-talk,0,1
612,231,iron-tail,2,3
612,276,superpower,0,1
612,283,endeavor,2,3
612,401,aqua-tail,0,1
613,8,ice-punch,2,3
613,67,low-kick,0,1
613,173,snore,0,1
613,214,sleep-talk,2,3
613,276,superpower,0,1
613,343,covet,0,1
614,8,ice-punch,2,3
614,67,low-kick,0,1
614,173,snore,0,1
614,214,sleep-talk,2,3
614,343,covet,0,1
614,453,aqua-jet,0,1
615,173,snore,0,1
615,214,sleep-talk,0,1
615,277,magic-coat,0,1
615,282,knock-off,0,1
615,324,signal-beam,0,1
615,334,iron-defense,0,1
616,173,snore,0,1
616,214,sleep-talk,0,1
616,324,signal-beam,0,1
616,380,gastro-acid,0,1
616,450,bug-bite,0,1
617,173,snore,0,1
617,214,sleep-talk,0,1
617,282,knock-off,0,1
617,324,signal-beam,0,1
617,380,gastro-acid,0,1
617,450,bug-bite,0,1
618,173,snore,0,1
618,180,spite,2,3
618,214,sleep-talk,2,3
618,220,pain-split,2,3
618,253,uproar,0,1
618,283,endeavor,0,1
618,393,magnet-rise,0,1
618,401,aqua-tail,0,1
618,414,earth-power,2,3
618,446,stealth-rock,0,1
618,492,foul-play,0,1
618,527,electroweb,0,1
619,67,low-kick,2,3
619,173,snore,0,1
619,214,sleep-talk,0,1
619,270,helping-hand,0,1
619,272,role-play,0,1
619,282,knock-off,2,3
619,530,dual-chop,0,1
620,67,low-kick,2,3
620,173,snore,0,1
620,214,sleep-talk,0,1
620,270,helping-hand,0,1
620,272,role-play,0,1
620,282,knock-off,2,3
620,530,dual-chop,0,1
621,7,fire-punch,0,1
621,9,thunder-punch,0,1
621,173,snore,0,1
621,214,sleep-talk,0,1
621,231,iron-tail,2,3
621,257,heat-wave,0,1
621,289,snatch,2,3
621,399,dark-pulse,0,1
621,401,aqua-tail,0,1
621,406,dragon-pulse,0,1
621,441,gunk-shot,0,1
621,442,iron-head,0,1
621,446,stealth-rock,0,1
621,555,snarl,0,1
622,7,fire-punch,0,1
622,8,ice-punch,0,1
622,9,thunder-punch,0,1
622,67,low-kick,0,1
622,173,snore,0,1
622,196,icy-wind,0,1
622,214,sleep-talk,0,1
622,276,superpower,0,1
622,277,magic-coat,0,1
622,324,signal-beam,0,1
622,335,block,0,1
622,356,gravity,0,1
622,409,drain-punch,0,1
622,414,earth-power,0,1
622,446,stealth-rock,0,1
623,7,fire-punch,0,1
623,8,ice-punch,0,1
623,9,thunder-punch,0,1
623,67,low-kick,0,1
623,173,snore,0,1
623,196,icy-wind,0,1
623,214,sleep-talk,0,1
623,276,superpower,0,1
623,277,magic-coat,0,1
623,324,signal-beam,0,1
623,335,block,0,1
623,356,gravity,0,1
623,409,drain-punch,0,1
623,414,earth-power,0,1
623,428,zen-headbutt,0,1
623,446,stealth-rock,0,1
624,67,low-kick,0,1
624,173,snore,0,1
624,180,spite,0,1
624,214,sleep-talk,0,1
624,272,role-play,0,1
624,282,knock-off,0,1
624,289,snatch,0,1
624,393,magnet-rise,0,1
624,399,dark-pulse,0,1
624,446,stealth-rock,2,3
624,492,foul-play,0,1
624,530,dual-chop,0,1
624,555,snarl,0,1
625,67,low-kick,0,1
625,173,snore,0,1
625,180,spite,0,1
625,214,sleep-talk,0,1
625,272,role-play,0,1
625,282,knock-off,0,1
625,289,snatch,0,1
625,393,magnet-rise,0,1
625,399,dark-pulse,0,1
625,446,stealth-rock,2,3
625,492,foul-play,0,1
625,530,dual-chop,0,1
625,555,snarl,0,1
626,173,snore,0,1
626,200,outrage,0,1
626,214,sleep-talk,0,1
626,253,uproar,0,1
626,276,superpower,0,1
626,283,endeavor,0,1
626,428,zen-headbutt,0,1
626,442,iron-head,2,3
627,173,snore,0,1
627,214,sleep-talk,0,1
627,257,heat-wave,0,1
627,276,superpower,0,1
627,355,roost,0,1
628,143,sky-attack,0,1
628,173,snore,0,1
628,214,sleep-talk,0,1
628,257,heat-wave,0,1
628,355,roost,0,1
629,173,snore,0,1
629,214,sleep-talk,0,1
629,257,heat-wave,0,1
629,282,knock-off,2,3
629,289,snatch,0,1
629,334,iron-defense,0,1
629,335,block,0,1
629,355,roost,2,3
629,492,foul-play,0,1
629,555,snarl,0,1
630,143,sky-attack,0,1
630,173,snore,0,1
630,214,sleep-talk,0,1
630,257,heat-wave,0,1
630,282,knock-off,2,3
630,289,snatch,0,1
630,334,iron-defense,0,1
630,335,block,0,1
630,355,roost,2,3
630,492,foul-play,0,1
630,555,snarl,0,1
631,7,fire-punch,0,1
631,9,thunder-punch,0,1
631,67,low-kick,0,1
631,173,snore,0,1
631,202,giga-drain,0,1
631,214,sleep-talk,2,3
631,257,heat-wave,2,3
631,276,superpower,0,1
631,278,recycle,0,1
631,282,knock-off,0,1
631,380,gastro-acid,0,1
632,173,snore,0,1
632,214,sleep-talk,0,1
632,276,superpower,0,1
632,283,endeavor,0,1
633,173,snore,0,1
633,180,spite,0,1
633,214,sleep-talk,0,1
633,253,uproar,0,1
633,276,superpower,0,1
633,399,dark-pulse,2,3
633,401,aqua-tail,0,1
633,414,earth-power,2,3
633,428,zen-headbutt,0,1
634,173,snore,0,1
634,180,spite,0,1
634,214,sleep-talk,0,1
634,253,uproar,0,1
634,276,superpower,0,1
634,399,dark-pulse,2,3
634,401,aqua-tail,0,1
634,414,earth-power,2,3
634,428,zen-headbutt,0,1
635,173,snore,0,1
635,180,spite,0,1
635,214,sleep-talk,0,1
635,231,iron-tail,0,1
635,253,uproar,0,1
635,257,heat-wave,0,1
635,276,superpower,0,1
635,324,signal-beam,0,1
635,355,roost,0,1
635,366,tailwind,0,1
635,399,dark-pulse,2,3
635,401,aqua-tail,0,1
635,414,earth-power,2,3
635,428,zen-headbutt,0,1
636,173,snore,0,1
636,202,giga-drain,0,1
636,214,sleep-talk,0,1
636,257,heat-wave,0,1
636,324,signal-beam,0,1
636,393,magnet-rise,2,3
636,428,zen-headbutt,2,3
637,173,snore,0,1
637,202,giga-drain,0,1
637,214,sleep-talk,0,1
637,324,signal-beam,0,1
637,355,roost,0,1
637,366,tailwind,0,1
637,393,magnet-rise,2,3
637,428,zen-headbutt,2,3
638,173,snore,0,1
638,214,sleep-talk,0,1
638,276,superpower,0,1
638,334,iron-defense,0,1
638,335,block,0,1
638,340,bounce,0,1
638,393,magnet-rise,0,1
638,428,zen-headbutt,0,1
638,446,stealth-rock,0,1
639,173,snore,0,1
639,214,sleep-talk,0,1
639,276,superpower,0,1
639,335,block,0,1
639,414,earth-power,0,1
639,428,zen-headbutt,0,1
639,442,iron-head,0,1
639,446,stealth-rock,0,1
640,173,snore,0,1
640,214,sleep-talk,0,1
640,235,synthesis,0,1
640,276,superpower,0,1
640,335,block,0,1
640,340,bounce,0,1
640,388,worry-seed,0,1
640,402,seed-bomb,0,1
640,428,zen-headbutt,0,1
641,173,snore,0,1
641,196,icy-wind,0,1
641,214,sleep-talk,0,1
641,231,iron-tail,0,1
641,257,heat-wave,0,1
641,272,role-play,0,1
641,276,superpower,0,1
641,282,knock-off,0,1
641,492,foul-play,0,1
642,9,thunder-punch,0,1
642,173,snore,0,1
642,214,sleep-talk,0,1
642,231,iron-tail,0,1
642,272,role-play,0,1
642,276,superpower,0,1
642,282,knock-off,0,1
642,492,foul-play,0,1
643,173,snore,0,1
643,214,sleep-talk,0,1
643,257,heat-wave,0,1
643,355,roost,0,1
643,366,tailwind,0,1
643,414,earth-power,0,1
643,428,zen-headbutt,0,1
644,9,thunder-punch,0,1
644,173,snore,0,1
644,214,sleep-talk,0,1
644,324,signal-beam,0,1
644,355,roost,0,1
644,366,tailwind,0,1
644,393,magnet-rise,0,1
644,406,dragon-pulse,0,1
644,414,earth-power,0,1
645,173,snore,0,1
645,214,sleep-talk,0,1
645,231,iron-tail,0,1
645,272,role-play,0,1
645,276,superpower,0,1
645,282,knock-off,0,1
645,356,gravity,0,1
645,446,stealth-rock,0,1
646,173,snore,0,1
646,214,sleep-talk,0,1
646,324,signal-beam,0,1
646,355,roost,0,1
646,414,earth-power,0,1
646,428,zen-headbutt,0,1
646,442,iron-head,0,1
646,553,freeze-shock,0,1
646,554,ice-burn,0,1
646,558,fusion-flare,0,1
646,559,fusion-bolt,0,1
647,173,snore,0,1
647,196,icy-wind,0,1
647,214,sleep-talk,0,1
647,276,superpower,0,1
647,283,endeavor,0,1
647,340,bounce,0,1
647,343,covet,0,1
647,387,last-resort,0,1
648,7,fire-punch,0,1
648,8,ice-punch,0,1
648,9,thunder-punch,0,1
648,67,low-kick,0,1
648,173,snore,0,1
648,214,sleep-talk,0,1
648,215,heal-bell,0,1
648,253,uproar,0,1
648,270,helping-hand,0,1
648,271,trick,0,1
648,277,magic-coat,0,1
648,278,recycle,0,1
648,282,knock-off,0,1
648,285,skill-swap,0,1
648,289,snatch,0,1
648,324,signal-beam,0,1
648,343,covet,0,1
648,356,gravity,0,1
648,387,last-resort,0,1
648,409,drain-punch,0,1
648,428,zen-headbutt,0,1
648,472,wonder-room,0,1
648,478,magic-room,0,1
648,530,dual-chop,0,1
649,173,snore,0,1
649,202,giga-drain,0,1
649,214,sleep-talk,0,1
649,277,magic-coat,0,1
649,278,recycle,0,1
649,334,iron-defense,0,1
649,356,gravity,0,1
649,387,last-resort,0,1
649,399,dark-pulse,0,1
649,428,zen-headbutt,0,1
649,441,gunk-shot,0,1
649,442,iron-head,0,1
649,450,bug-bite,0,1
649,527,electroweb,0,1
